,prices.isSale,prices.dateSeenYear,prices.dateSeenMonth,prices.dateSeenWeek,prices.dateSeenIs_month_start,prices.dateSeenIs_year_end,brand_Alfani,brand_Asics,brand_Bearpaw,brand_Bloch,brand_Brinley Co.,brand_Charles by Charles David,brand_Converse,brand_Crocs,brand_Dansko,brand_Easy Spirit,brand_MICHAEL Michael Kors,brand_New Balance,brand_Nike,brand_Nine West,brand_Nomad,brand_Propet,brand_Telic,brand_Ugg,brand_Under Armour,brand_VANS,manufacturer_Alfani,manufacturer_Bearpaw,manufacturer_Bloch,manufacturer_Brinley Co,manufacturer_Charles by Charles David,manufacturer_Converse,manufacturer_Crocs,manufacturer_DANSKO,manufacturer_Dansko,manufacturer_MICHAEL Michael Kors,manufacturer_New Balance,manufacturer_Nike,manufacturer_Nine West,manufacturer_Nomad,manufacturer_Novascarpa Group LLC,manufacturer_Pleaser Shoes,manufacturer_Propet,manufacturer_Toms,manufacturer_UGG Australia,manufacturer_Under Armour,manufacturer_VANS,manufacturer_asics,manufacturer_other,manufacturerNumber_00004902,manufacturerNumber_00007-000,manufacturerNumber_5825,manufacturerNumber_6020202,manufacturerNumber_806020202,manufacturerNumber_Anna,manufacturerNumber_Flip,manufacturerNumber_W5668,manufacturerNumber_other,prices.merchant_Overstock.com,prices.merchant_Shoes.com,prices.merchant_Walmart,prices.merchant_other,categories_Athletic,categories_Boots,categories_Flats,categories_Heels,categories_Sandals,categories_Slip-ons,categories_Slippers,categories_Sneakers,categories_other,colors_Beige,colors_Blue,colors_Brown,colors_Gray,colors_Green,colors_Pink,colors_Red,colors_Silver,colors_White,colors_nan_value,prices.currency_AUD
prices.isSale,0,-0.203038964,0.252620634,0.248096039,0.028000038,-0.030035946,0.006825054,-0.069520661,-0.004453098,-0.026704784,0.020352056,-0.06888757,-0.070383931,0.063652026,-0.033743743,0.08755409,0.0020757,0.084053572,-0.078998205,-0.002085548,-0.008349291,-0.033370902,-0.055820953,0.00340075,-0.070080865,0.047323367,0.006825054,-0.000483802,-0.026704784,0.008090235,-0.06888757,-0.070383931,0.063652026,-0.00029507,-0.08662929,0.0020757,0.084053572,-0.078998205,-0.002888769,-0.006728004,-0.055820953,-0.024227924,-0.033370902,-0.035028274,0.003459792,-0.070080865,0.000205235,-0.069520661,0.083975344,-0.07665908,-0.062090293,0.00340075,-0.08662929,-0.00029507,-0.06888757,-0.055820953,-0.006985027,0.220008796,-0.297273899,0.0088706,0.264520235,0.005555339,-0.083572979,-0.00590229,-0.005076394,0.008039894,-0.099546801,-0.048659659,-0.092602493,-0.083983046,0.360276682,0.02264646,0.006508629,0.022402261,0.060834633,0.035080384,-0.033538669,-0.064490892,0.036083823,0.000207431,0.086006671,-0.009379049
prices.dateSeenYear,-0.203038964,0,-0.747328829,-0.747260075,-0.022046905,-0.094868281,-0.060000835,-0.00500222,-0.056674551,-0.082060449,-0.007839505,0.026773098,0.044767578,-0.020500273,0.239997527,-0.057233088,-0.003952843,-0.077470689,0.066770781,-0.057766225,0.27508603,0.066333326,0.000608987,0.007787005,0.002606491,-0.02698652,-0.060000835,-0.055546832,-0.082060449,-0.00707948,0.026773098,0.044767578,-0.020500273,0.079975468,0.05545261,-0.003952843,-0.077470689,0.066770781,-0.058055972,0.2703037,0.000608987,-0.084374806,0.066333326,-0.200405591,0.020204805,0.002606491,0.006750877,-0.00500222,-0.065600704,-0.225038096,0.059743441,0.007787005,0.05545261,0.079975468,0.026773098,0.000608987,0.274504946,-0.323635891,0.575044041,-0.290950021,-0.335098906,-0.234005471,0.040297251,0.209890557,-0.03279303,0.008994288,0.052862901,0.262764827,-0.066282271,-0.032499953,-0.346085491,0.03250901,0.009590421,0.008320683,-0.068638096,-0.042048046,0.020523583,0.039096075,-0.004438601,0.035596349,-0.000807298,-0.005873446
prices.dateSeenMonth,0.252620634,-0.747328829,0,0.99694355,0.065498905,0.054390259,0.054852901,-0.023486535,0.052558206,0.00444046,-0.045956332,-0.024360583,-0.0409494,-0.054489587,-0.200847098,0.000539494,0.050785048,0.066625527,-0.005387751,0.039624247,-0.242920747,-0.037700959,-0.027202891,-0.000938838,-0.099467578,0.058020543,0.054852901,0.07454062,0.00444046,-0.047469053,-0.024360583,-0.0409494,-0.054489587,-0.052830698,-0.029055057,0.050785048,0.066625527,-0.005387751,0.040236336,-0.238334301,-0.027202891,0.052002478,-0.037700959,0.078066451,-0.004788257,-0.099467578,0.002009885,-0.023486535,0.070585674,0.008006593,-0.085460591,-0.000938838,-0.029055057,-0.052830698,-0.024360583,-0.027202891,-0.242660052,0.36007824,-0.503536758,0.025840055,0.465099202,-0.006020567,-0.06387235,-0.205042782,-0.006690544,-0.022922968,-0.0569006,-0.224037834,-0.02285989,-0.040890726,0.437384076,-0.027258093,-0.024592993,-0.000480371,0.007700994,0.072669424,-0.024842301,-0.043022046,0.023845835,-0.004758056,0.034502505,-0.007067949
prices.dateSeenWeek,0.248096039,-0.747260075,0.99694355,0,0.04669974,0.063358603,0.055635541,-0.023939458,0.050482798,0.004679503,-0.042607865,-0.020527957,-0.03760598,-0.05862639,-0.096406583,0.098846975,0.04925722,0.074607043,-0.006493926,0.029603205,-0.244007043,-0.037746631,-0.024674023,-0.020203299,-0.000507503,0.062568959,0.055635541,0.072422904,0.004679503,-0.043999873,-0.020527957,-0.03760598,-0.05862639,-0.048847904,-0.025434395,0.04925722,0.074607043,-0.006493926,0.030060591,-0.239533773,-0.024674023,0.050004351,-0.037746631,0.080846996,-0.023027005,-0.000507503,0.005943406,-0.023939458,0.06994441,9.38684E-05,-0.085040474,-0.020203299,-0.025434395,-0.048847904,-0.020527957,-0.024674023,-0.243920268,0.35938009,-0.505339745,0.029305076,0.4563459,-0.006327651,-0.063297367,-0.200358367,-0.006705055,-0.022830081,-0.05005849,-0.2083999,-0.006860963,-0.039034928,0.430950629,-0.027728093,-0.025390378,-0.003442049,0.003404482,0.074265808,-0.025792799,-0.04080548,0.00956972,-0.003294472,0.038078578,-0.008000751
prices.dateSeenIs_month_start,0.028000038,-0.022046905,0.065498905,0.04669974,0,-0.000204926,-0.025722395,0.000832923,0.058882473,-0.007200526,0.050876394,-0.02700337,-0.026467393,0.023869456,-0.043877979,0.067680566,-0.025900547,-0.009400348,-0.029033991,-0.008435908,-0.04720503,-0.003863964,-0.032904339,0.040440789,-0.023352663,0.068248606,-0.025722395,0.066027227,-0.007200526,0.050609802,-0.02700337,-0.026467393,0.023869456,-0.032904339,-0.028420905,-0.025900547,-0.009400348,-0.029033991,-0.008646,-0.046228333,-0.032904339,-0.024760299,-0.003863964,0.052632055,0.040004268,-0.023352663,0.040097661,0.000832923,-0.00373098,0.045308554,-0.030255861,0.040440789,-0.028420905,-0.032904339,-0.02700337,-0.032904339,-0.053467039,0.056059371,-0.008200951,-0.026743374,0.022906281,-0.036750408,-0.055929498,-0.003277039,-0.007080032,-0.020492645,-0.002760749,-0.049394769,-0.04088063,0.025505501,0.079775408,0.009442783,0.036064623,0.008660095,-0.007952658,0.060935306,0.002646483,-0.020452643,0.009067905,0.000773279,-0.058932926,-0.003077064
prices.dateSeenIs_year_end,-0.030035946,-0.094868281,0.054390259,0.063358603,-0.000204926,0,-0.005036059,-0.005429806,-0.006069586,-0.004744968,-0.005036059,-0.005393936,-0.005284908,-0.005900605,-0.008760403,-0.007229095,-0.005073729,-0.007904048,-0.000477596,-0.008383305,-0.000929967,-0.006449396,-0.006570225,-0.006449396,-0.004662979,-0.004704044,-0.005036059,-0.00580072,-0.004744968,-0.005098327,-0.005393936,-0.005284908,-0.005900605,-0.006570225,-0.005674988,-0.005073729,-0.007904048,-0.000477596,-0.008407375,-0.000754736,-0.006570225,-0.004944251,-0.006449396,-0.007837824,-0.00654021,-0.004662979,-0.00607367,-0.005429806,0.046675754,-0.005020851,-0.006040386,-0.006449396,-0.005674988,-0.006570225,-0.005393936,-0.006570225,-0.000676034,0.0207,-0.022466442,-0.007472561,0.026026239,-0.007338097,-0.004673725,-0.005644863,-0.003430469,-0.004090901,-0.003302433,-0.009862977,0.220805247,-0.006264039,-0.05509796,-0.008503023,-0.009946698,0.002984344,-0.007760839,0.020229086,-0.007200587,0.008597457,-0.008876704,-4.02038E-05,-0.002438329,-0.000604408
brand_Alfani,0.006825054,-0.060000835,0.054852901,0.055635541,-0.025722395,-0.005036059,0,-0.003672922,-0.00553575,-0.000948393,-0.002933458,-0.003582572,-0.00330805,-0.004883605,-0.022062254,-0.008203709,-0.003028063,-0.009928763,-0.026383831,-0.020000083,-0.027522955,-0.006240344,-0.006544606,-0.006240344,-0.000740935,-0.000845594,0,-0.004632084,-0.000948393,-0.002838092,-0.003582572,-0.00330805,-0.004883605,-0.006544606,-0.004290294,-0.003028063,-0.009928763,-0.026383831,-0.020070768,-0.027080703,-0.006544606,-0.0024502,-0.006240344,-0.009736572,-0.006469025,-0.000740935,-0.005294226,-0.003672922,-3.90229E-05,-0.002645607,-0.005202927,-0.006240344,-0.004290294,-0.006544606,-0.003582572,-0.006544606,-0.026883772,0.052053002,-0.056573068,-0.008806797,0.006355239,0.0068722,-0.036950082,-0.039395621,-0.008638329,-0.00030389,-0.027444901,-0.024836047,-0.023260037,-0.005773845,0.089686831,0.050004405,-0.00935377,-0.003036323,-0.009542705,0.0042726,-0.008034451,0.002344727,0.020095423,0.007384249,0.00730935,-0.000547076
brand_Asics,-0.069520661,-0.00500222,-0.023486535,-0.023939458,0.000832923,-0.005429806,-0.003672922,0,-0.006423999,-0.002630536,-0.003672922,-0.004359049,-0.00406893,-0.005734567,-0.023323652,-0.009244507,-0.003772936,-0.02006808,-0.027892304,-0.022307047,-0.029096566,-0.007068878,-0.007490536,-0.007068878,-0.002403274,-0.00252286,-0.003672922,-0.005468666,-0.002630536,-0.00357221,-0.004359049,-0.00406893,-0.005734567,-0.007490536,-0.005007334,-0.003772936,-0.02006808,-0.027892304,-0.022380096,-0.028630086,-0.007490536,-0.003062045,-0.007068878,-0.020865,-0.007400633,-0.002403274,-0.006068665,0,-0.006330555,-0.003368624,-0.006082708,-0.007068878,-0.005007334,-0.007490536,-0.004359049,-0.007490536,-0.028420839,0.055034835,0.03807974,0.064305202,-0.088952681,-0.009534947,0.370036668,-0.040648047,-0.009032221,-0.000893,-0.035438908,-0.02625604,-0.024590976,-0.006675706,-0.046940987,-0.02263581,-0.026479004,-0.033900034,-0.02066006,0.064098795,-0.00907028,0.03827778,0.034025994,-0.029658924,-0.033000961,-0.000635636
brand_Bearpaw,-0.004453098,-0.056674551,0.052558206,0.050482798,0.058882473,-0.006069586,-0.00553575,-0.006423999,0,-0.004352483,-0.00553575,-0.00630547,-0.005985702,-0.007878278,-0.026500307,-0.02086642,-0.00564939,-0.023938554,-0.030692422,-0.025357683,-0.033060744,-0.009508002,-0.009873483,-0.009508002,-0.004004485,-0.004229,-0.00553575,0.940833094,-0.004352483,-0.005420306,-0.00630547,-0.005985702,-0.007878278,-0.009873483,-0.00706559,-0.00564939,-0.023938554,-0.030692422,-0.025430458,-0.03253071,-0.009873483,-0.00495527,-0.009508002,-0.023707693,-0.009782695,-0.004004485,-0.008370509,-0.006423999,-0.000805949,-0.005089993,-0.008273862,-0.009508002,-0.00706559,-0.009873483,-0.00630547,-0.009873483,-0.032292954,0.062646522,-0.06795604,-0.022602854,0.079026021,-0.022096429,-0.044384789,0.0730344,-0.000376405,-0.002377098,0.050306928,-0.029833334,-0.027940302,-0.00894764,-0.004925028,-0.002953245,-0.000378955,-0.002004408,-0.006940707,-0.02000695,0.003700979,-0.022096429,-0.026850007,-0.033699709,-0.000670828,-0.000858478
brand_Bloch,-0.026704784,-0.082060449,0.00444046,0.004679503,-0.007200526,-0.004744968,-0.000948393,-0.002630536,-0.004352483,0,-0.000948393,-0.002548067,-0.002294454,-0.003750008,-0.020380901,-0.006807248,-0.002035791,-0.008400906,-0.02437433,-0.009502344,-0.025426693,-0.005003402,-0.0052845,-0.005003402,-0.000847621,-0.000943385,-0.000948393,-0.003507644,0,-0.000860383,-0.002548067,-0.002294454,-0.003750008,-0.0052845,-0.003200886,-0.002035791,-0.008400906,-0.02437433,-0.009558305,-0.025009048,-0.0052845,-0.000500951,-0.005003402,-0.008233353,-0.005204675,-0.000847621,-0.004029354,-0.002630536,-0.000658088,-0.000682474,-0.004054247,-0.005003402,-0.003200886,-0.0052845,-0.002548067,-0.0052845,-0.024836093,0.048080823,-0.052264321,-0.007383632,-0.07340007,0.624004526,0.08400009,-0.036395088,-0.007980398,-0.009509004,-0.03096909,-0.022944523,-0.02048938,-0.004572443,-0.044840099,-0.009780823,0.060636782,-0.0296243,-0.008054261,-0.006233047,0.020663286,-0.007070055,-0.020650053,-0.025908021,-0.028935637,-0.000429337
brand_Brinley Co.,0.020352056,-0.007839505,-0.045956332,-0.042607865,0.050876394,-0.005036059,-0.002933458,-0.003672922,-0.00553575,-0.000948393,0,-0.003582572,-0.00330805,-0.004883605,-0.022062254,-0.008203709,-0.003028063,-0.009928763,-0.026383831,-0.020000083,-0.027522955,-0.006240344,-0.006544606,-0.006240344,-0.000740935,-0.000845594,-0.002933458,-0.004632084,-0.000948393,0.99263405,-0.003582572,-0.00330805,-0.004883605,-0.006544606,-0.004290294,-0.003028063,-0.009928763,-0.026383831,-0.020070768,-0.027080703,-0.006544606,-0.0024502,-0.006240344,-0.009736572,-0.006469025,-0.000740935,-0.005294226,-0.003672922,-0.006740946,-0.002645607,-0.005202927,-0.006240344,-0.004290294,-0.006544606,-0.003582572,-0.006544606,-0.026883772,0.052053002,-0.056573068,-0.008806797,0.065788971,-0.00847845,-0.036950082,-0.039395621,-0.008638329,-0.00030389,-0.033522288,-0.024836047,-0.023260037,-0.005773845,0.093049799,-0.02040062,-0.025046966,-0.006826207,-0.009542705,-0.007570463,-0.008034451,0.043990081,-0.022352621,0.004472078,-0.024882765,-0.000547076
brand_Charles by Charles David,-0.06888757,0.026773098,-0.024360583,-0.020527957,-0.02700337,-0.005393936,-0.003582572,-0.004359049,-0.00630547,-0.002548067,-0.003582572,0,-0.003975964,-0.005630594,-0.023069531,-0.00900734,-0.003680925,-0.020928962,-0.027708003,-0.022069677,-0.028904297,-0.007055426,-0.007374959,-0.007055426,-0.002330248,-0.00244001,-0.003582572,-0.00536645,-0.002548067,-0.003482525,0,-0.003975964,-0.005630594,-0.007374959,-0.005007506,-0.003680925,-0.020928962,-0.027708003,-0.022233301,-0.028440899,-0.007374959,-0.003075071,-0.007055426,-0.020727026,-0.007295584,-0.002330248,-0.006060823,-0.004359049,-0.005560847,-0.003280284,-0.005976444,-0.007055426,-0.005007506,-0.007374959,0,-0.007374959,-0.028233035,-0.260436964,0.224325374,-0.009760089,-0.090954074,-0.00940586,-0.038804665,-0.040372838,-0.009070876,-0.000820031,0.405080349,-0.026082641,-0.024428479,-0.006565504,-0.045971,-0.022486243,-0.026304041,0.080636307,-0.020523539,-0.008453352,-0.009044597,-0.00940586,-0.02347447,0.09893845,-0.032893059,-0.000624827
brand_Converse,-0.070383931,0.044767578,-0.0409494,-0.03760598,-0.026467393,-0.005284908,-0.00330805,-0.00406893,-0.005985702,-0.002294454,-0.00330805,-0.003975964,0,-0.005304678,-0.022700243,-0.008730953,-0.003405395,-0.02050596,-0.027047986,-0.020720597,-0.028320001,-0.006700703,-0.007023787,-0.006700703,-0.002082007,-0.002088678,-0.00330805,-0.005055873,-0.002294454,-0.003200025,-0.003975964,0,-0.005304678,-0.007023787,-0.004704084,-0.003405395,-0.02050596,-0.027047986,-0.020783937,-0.02786607,-0.007023787,-0.002800806,-0.006700703,-0.020308203,-0.006946007,-0.002082007,-0.005737092,-0.00406893,-0.003226085,-0.003000871,-0.005653539,-0.006700703,-0.004704084,-0.007023787,-0.003975964,-0.007023787,-0.027662407,0.05366351,0.042779926,-0.009360788,-0.007222242,-0.009003641,0.229252698,-0.040536637,-0.00888852,-0.000602323,-0.034493093,-0.025555476,-0.023934746,0.266479098,-0.043020728,-0.022030766,-0.0257724,-0.032995385,-0.02000873,-0.008080385,-0.00865968,-0.009003641,-0.02300001,0.095205396,-0.032228344,-0.000590987
brand_Crocs,0.063652026,-0.020500273,-0.054489587,-0.05862639,0.023869456,-0.005900605,-0.004883605,-0.005734567,-0.007878278,-0.003750008,-0.004883605,-0.005630594,-0.005304678,0,-0.025388868,-0.020948531,-0.004992474,-0.022933683,-0.030362066,-0.024293241,-0.03067295,-0.008689002,-0.009039251,-0.008689002,-0.00350241,-0.003630709,-0.004883605,-0.006838354,-0.003750008,-0.004773974,-0.005630594,-0.005304678,0,-0.009039251,-0.006445028,-0.004992474,-0.022933683,-0.030362066,-0.024362961,-0.030065065,-0.009039251,-0.00432749,-0.008689002,-0.022702503,-0.008952274,-0.00350241,-0.007600336,-0.005734567,-0.026630057,-0.00455236,-0.007506778,-0.008689002,-0.006445028,-0.009039251,-0.005630594,-0.009039251,-0.030937389,0.060006802,-0.065003443,-0.002724069,0.072390795,-0.020264687,-0.042520643,-0.045335803,0.028045066,-0.000857544,-0.03857688,-0.028580007,-0.026768407,-0.008052273,0.000200269,-0.024640031,0.039643569,0.000640395,-0.022489425,-0.02022094,-0.020868809,-0.020264687,-0.0005235,0.029560297,-0.030425907,-0.000780464
brand_Dansko,-0.033743743,0.239997527,-0.200847098,-0.096406583,-0.043877979,-0.008760403,-0.022062254,-0.023323652,-0.026500307,-0.020380901,-0.022062254,-0.023069531,-0.022700243,-0.025388868,0,-0.030052401,-0.022223633,-0.03399504,-0.045006276,-0.03600034,-0.046949424,-0.027703231,-0.02822225,-0.027703231,-0.02002972,-0.020206545,-0.022062254,-0.024959807,-0.020380901,-0.020899747,-0.023069531,-0.022700243,-0.025388868,0.749905501,0.647725924,-0.022223633,-0.03399504,-0.045006276,-0.036003686,-0.046096725,-0.02822225,-0.020237906,-0.027703231,-0.033667096,-0.028093321,-0.02002972,-0.026089307,-0.023323652,-0.087707806,-0.020570246,-0.025950635,-0.027703231,0.647725924,0.749905501,-0.023069531,-0.02822225,-0.045859089,-0.423029334,0.380049053,-0.032098208,-0.326204671,-0.030520056,-0.063030652,-0.067202051,-0.004735503,-0.007576666,-0.057083253,0.888302275,-0.039679326,-0.026907464,-0.237000577,-0.036524541,-0.042725804,-0.054700068,-0.033336508,-0.02997389,-0.030934253,-0.030520056,-0.038029724,0.040527378,-0.053428557,-0.002639207
brand_Easy Spirit,0.08755409,-0.057233088,0.000539494,0.098846975,0.067680566,-0.007229095,-0.008203709,-0.009244507,-0.02086642,-0.006807248,-0.008203709,-0.00900734,-0.008730953,-0.020948531,-0.030052401,0,-0.008336874,-0.028049543,-0.037034991,-0.029702381,-0.038738295,-0.022858029,-0.023286375,-0.022858029,-0.00652666,-0.006672561,-0.008203709,-0.020594508,-0.006807248,-0.008069633,-0.00900734,-0.008730953,-0.020948531,-0.023286375,-0.020003451,-0.008336874,-0.028049543,-0.037034991,-0.029797653,-0.038007238,-0.023286375,-0.007523552,-0.022858029,-0.027779037,-0.023079994,-0.00652666,-0.020526476,-0.009244507,-0.054879003,-0.007798585,-0.020402049,-0.022858029,-0.020003451,-0.023286375,-0.00900734,-0.023286375,-0.037838652,0.073404866,-0.079626093,0.007689005,0.076084092,-0.026008241,-0.052007028,-0.050605452,0.003440304,-0.004502629,-0.020950494,-0.034956639,-0.032739687,-0.022200535,0.094677708,0.028550084,0.005549084,-0.026975932,0.000908328,-0.024730666,-0.025524067,-0.026008241,-3.33343E-05,0.006402839,0.002232701,-0.002077636
brand_MICHAEL Michael Kors,0.0020757,-0.003952843,0.050785048,0.04925722,-0.025900547,-0.005073729,-0.003028063,-0.003772936,-0.00564939,-0.002035791,-0.003028063,-0.003680925,-0.003405395,-0.004992474,-0.022223633,-0.008336874,0,-0.020074536,-0.026576821,-0.020264598,-0.027724277,-0.006359038,-0.006665625,-0.006359038,-0.000827824,-0.00093224,-0.003028063,-0.004739004,-0.002035791,-0.002932,-0.003680925,-0.003405395,-0.004992474,-0.006665625,-0.004394823,0,-0.020074536,-0.026576821,-0.020325626,-0.027279798,-0.006665625,-0.00254028,-0.006359038,-0.00988094,-0.006589491,-0.000827824,-0.005406099,-0.003772936,-0.000844028,-0.002738006,-0.005324205,-0.006359038,-0.004394823,-0.006665625,-0.003680925,-0.006665625,-0.02708041,0.052534497,-0.056986985,-0.008954437,0.066270099,-0.008603605,-0.037220463,-0.03968379,-0.008700506,-0.000379261,-0.033767494,-0.025007806,-0.023430085,-0.005889226,0.093730432,-0.003567504,-0.025230078,-0.007239364,0.009728528,-0.007699993,-0.0082671,0.033075992,0.098555651,-0.028260003,-0.005978822,-0.000558494
brand_New Balance,0.084053572,-0.077470689,0.066625527,0.074607043,-0.009400348,-0.007904048,-0.009928763,-0.02006808,-0.023938554,-0.008400906,-0.009928763,-0.020928962,-0.02050596,-0.022933683,-0.03399504,-0.028049543,-0.020074536,0,-0.040654024,-0.032528024,-0.042409263,-0.02502424,-0.025493068,-0.02502424,-0.008092781,-0.008252507,-0.009928763,-0.022546022,-0.008400906,-0.009780971,-0.020928962,-0.02050596,-0.022933683,-0.025493068,-0.022009469,-0.020074536,0,-0.040654024,-0.032620377,-0.040729353,-0.025493068,-0.00908404,-0.02502424,-0.03040047,-0.025376607,-0.008092781,-0.023566396,-0.02006808,-0.069555857,-0.009485237,-0.023440025,-0.02502424,-0.022009469,-0.025493068,-0.020928962,-0.025493068,-0.040424367,0.080360952,-0.087070833,0.080503502,0.023527092,-0.028472868,-0.053230802,-0.060703486,-0.003300533,-0.005876945,-0.023560028,-0.038269245,-0.035842208,-0.024305426,0.025600046,-0.0329925,0.002859309,-0.045243466,0.054659095,-0.009862708,-0.006944904,-0.028472868,-0.034442457,0.097089283,-0.035506574,-0.002383996
brand_Nike,-0.078998205,0.066770781,-0.005387751,-0.006493926,-0.029033991,-0.000477596,-0.026383831,-0.027892304,-0.030692422,-0.02437433,-0.026383831,-0.027708003,-0.027047986,-0.030362066,-0.045006276,-0.037034991,-0.026576821,-0.040654024,0,-0.043064083,-0.056045927,-0.03302977,-0.033750455,-0.03302977,-0.023953063,-0.024064625,-0.026383831,-0.029848972,-0.02437433,-0.026089492,-0.027708003,-0.027047986,-0.030362066,-0.033750455,-0.029050731,-0.026576821,-0.040654024,0,-0.043087673,-0.055245788,-0.033750455,-0.025398021,-0.03302977,-0.040260961,-0.033596271,-0.023953063,-0.03009971,-0.027892304,-0.224476209,-0.025796644,-0.030033873,-0.03302977,-0.029050731,-0.033750455,-0.027708003,-0.033750455,-0.054842006,0.006390438,0.097488021,-0.038385651,-0.06553975,-0.027075784,0.508003556,-0.080365778,-0.007620909,-0.0200096,-0.068384369,-0.050664927,-0.047450755,-0.02600028,-0.060774053,-0.043679006,0.008930506,-0.065404895,-0.024758605,-0.035845209,0.065709207,0.048048439,-0.036704956,0.000448891,-0.004640054,-0.003056089
brand_Nine West,-0.002085548,-0.057766225,0.039624247,0.029603205,-0.008435908,-0.008383305,-0.020000083,-0.022307047,-0.025357683,-0.009502344,-0.020000083,-0.022069677,-0.020720597,-0.024293241,-0.03600034,-0.029702381,-0.020264598,-0.032528024,-0.043064083,0,-0.044923376,-0.02650773,-0.027004352,-0.02650773,-0.00906536,-0.009334555,-0.020000083,-0.023882705,-0.009502344,-0.020954689,-0.022069677,-0.020720597,-0.024293241,-0.027004352,-0.02332483,-0.020264598,-0.032528024,-0.043064083,0.99703829,-0.044203059,-0.027004352,-0.020320409,-0.02650773,-0.032204327,-0.026880987,-0.00906536,-0.024963463,-0.022307047,-0.079607495,-0.020640364,-0.024830765,-0.02650773,-0.02332483,-0.027004352,-0.022069677,-0.027004352,-0.043880093,0.085024923,-0.092339568,-0.030703057,0.007380738,-0.030060801,-0.060300638,-0.06430201,-0.00409961,-0.006808065,-0.054705577,-0.040537929,-0.037967,-0.025746304,0.050877267,0.078480648,-0.006334643,-4.06238E-06,-0.003362823,0.087492933,-0.006336077,0.00543963,-0.020035934,-0.000444324,-0.00486724,-0.002525324
brand_Nomad,-0.008349291,0.27508603,-0.242920747,-0.244007043,-0.04720503,-0.000929967,-0.027522955,-0.029096566,-0.033060744,-0.025426693,-0.027522955,-0.028904297,-0.028320001,-0.03067295,-0.046949424,-0.038738295,-0.027724277,-0.042409263,-0.056045927,-0.044923376,0,-0.034560049,-0.035207631,-0.034560049,-0.024987341,-0.025207933,-0.027522955,-0.030037703,-0.025426693,-0.027320225,-0.028904297,-0.028320001,-0.03067295,-0.035207631,-0.030400359,-0.027724277,-0.042409263,-0.056045927,-0.045052303,0.983967867,-0.035207631,-0.026494582,-0.034560049,-0.042000274,-0.03504679,-0.024987341,-0.032546769,-0.029096566,-0.209590757,-0.026900406,-0.03237376,-0.034560049,-0.030400359,-0.035207631,-0.028904297,-0.035207631,0.976776393,-0.499964334,0.423579995,-0.040042953,-0.360462577,-0.039322936,-0.078630575,0.688062022,-0.008382736,-0.020927024,-0.065367828,-0.052852387,-0.049500486,-0.033567409,-0.292484344,-0.045564849,0.035326276,-0.068239085,-0.040587737,-0.037392827,0.075920003,-0.039322936,-0.047567337,0.006874245,-0.066652834,-0.003292458
brand_Propet,-0.033370902,0.066333326,-0.037700959,-0.037746631,-0.003863964,-0.006449396,-0.006240344,-0.007068878,-0.009508002,-0.005003402,-0.006240344,-0.007055426,-0.006700703,-0.008689002,-0.027703231,-0.022858029,-0.006359038,-0.02502424,-0.03302977,-0.02650773,-0.034560049,0,-0.020774806,-0.020392749,-0.004744066,-0.00487433,-0.006240344,-0.008373281,-0.005003402,-0.00602072,-0.007055426,-0.006700703,-0.008689002,-0.020774806,-0.007944,-0.006359038,-0.02502424,-0.03302977,-0.026583806,-0.034006076,-0.020774806,-0.005633537,0,-0.024782909,-0.0206799,-0.004744066,-0.009204723,-0.007068878,-0.038074428,-0.005878906,-0.009002637,-0.020392749,-0.007944,-0.020774806,-0.007055426,-0.020774806,-0.033757538,0.065487733,0.034540323,-0.023627961,-0.006527298,-0.023203005,-0.009402342,-0.049468474,-0.000847007,-0.002938438,0.02367468,0.070802038,-0.029208525,-0.009806973,-0.077408865,0.002200496,-0.030450089,0.057060678,0.030903301,-0.022064204,-0.022770051,0.244080835,-0.028067841,-0.029540943,-0.028999074,-0.000942766
brand_Telic,-0.055820953,0.000608987,-0.027202891,-0.024674023,-0.032904339,-0.006570225,-0.006544606,-0.007490536,-0.009873483,-0.0052845,-0.006544606,-0.007374959,-0.007023787,-0.009039251,-0.02822225,-0.023286375,-0.006665625,-0.025493068,-0.033750455,-0.027004352,-0.035207631,-0.020774806,0,-0.020774806,-0.005020398,-0.005053,-0.006544606,-0.008707504,-0.0052845,-0.006422741,-0.007374959,-0.007023787,-0.009039251,-0.02006402,-0.008280283,-0.006665625,-0.025493068,-0.033750455,-0.027080852,-0.034643078,0,-0.005926431,-0.020774806,-0.025247206,-0.020067337,-0.005020398,-0.009564523,-0.007490536,-0.040763009,-0.006076396,-0.009460524,-0.020774806,-0.008280283,-0.02006402,-0.007374959,0,-0.034389984,-0.307232029,-0.072368948,-0.024070631,0.084057893,-0.023637804,-0.047267033,-0.050395263,-5.02351E-05,-0.003080838,0.49354048,-0.03077064,-0.029755746,-0.020078056,-0.077803779,-0.027389954,0.000246054,-0.00620968,-0.02499923,0.037774832,0.035272724,-0.023637804,-0.02859369,-0.035888,-0.04006637,-0.000979063
brand_Ugg,0.00340075,0.007787005,-0.000938838,-0.020203299,0.040440789,-0.006449396,-0.006240344,-0.007068878,-0.009508002,-0.005003402,-0.006240344,-0.007055426,-0.006700703,-0.008689002,-0.027703231,-0.022858029,-0.006359038,-0.02502424,-0.03302977,-0.02650773,-0.034560049,-0.020392749,-0.020774806,0,-0.004744066,-0.00487433,-0.006240344,-0.008373281,-0.005003402,-0.00602072,-0.007055426,-0.006700703,-0.008689002,-0.020774806,-0.007944,-0.006359038,-0.02502424,-0.03302977,-0.026583806,-0.034006076,-0.020774806,-0.005633537,-0.020392749,-0.024782909,0.986004505,-0.004744066,-0.009204723,-0.007068878,-0.038074428,-0.005878906,-0.009002637,0,-0.007944,-0.020774806,-0.007055426,-0.020774806,-0.033757538,-0.300398004,-0.030248497,-0.023627961,0.046002939,-0.023203005,-0.046397774,0.402237282,-0.000847007,-0.002938438,-0.042093409,-0.030086366,-0.029208525,-0.009806973,-0.074533896,0.038560069,0.025202806,-0.040265584,-0.024539485,-0.022064204,-0.022770051,-0.023203005,-0.028067841,-0.035228004,-0.039329533,-0.000942766
brand_Under Armour,-0.070080865,0.002606491,-0.099467578,-0.000507503,-0.023352663,-0.004662979,-0.000740935,-0.002403274,-0.004004485,-0.000847621,-0.000740935,-0.002330248,-0.002082007,-0.00350241,-0.02002972,-0.00652666,-0.000827824,-0.008092781,-0.023953063,-0.00906536,-0.024987341,-0.004744066,-0.005020398,-0.004744066,0,-0.000754293,-0.000740935,-0.003284071,-0.000847621,-0.000655446,-0.002330248,-0.002082007,-0.00350241,-0.005020398,-0.002973769,-0.000827824,-0.008092781,-0.023953063,-0.009220364,-0.02458674,-0.005020398,-0.000303207,-0.004744066,-0.007908297,-0.004950779,0,-0.0038852,-0.002403274,-0.099900526,-0.0004806,-0.003800402,-0.004744066,-0.002973769,-0.005020398,-0.002330248,-0.005020398,-0.024407046,0.0473483,0.04850244,-0.007083258,-0.0240509,-0.006776082,0.307777456,-0.035766203,-0.007842504,-0.009354623,-0.030433973,-0.022548062,-0.020008063,-0.004320644,-0.026089794,-0.009439028,0.066976248,-0.029002429,-0.007742299,-0.005952653,0.0300297,-0.006776082,-0.020293336,-0.02547028,-0.028435655,-0.000404639
brand_VANS,0.047323367,-0.02698652,0.058020543,0.062568959,0.068248606,-0.004704044,-0.000845594,-0.00252286,-0.004229,-0.000943385,-0.000845594,-0.00244001,-0.002088678,-0.003630709,-0.020206545,-0.006672561,-0.00093224,-0.008252507,-0.024064625,-0.009334555,-0.025207933,-0.00487433,-0.005053,-0.00487433,-0.000754293,0,-0.000845594,-0.003400344,-0.000943385,-0.00075834,-0.00244001,-0.002088678,-0.003630709,-0.005053,-0.003088303,-0.00093224,-0.008252507,-0.024064625,-0.009390044,-0.024803796,-0.005053,-0.000402994,-0.00487433,-0.008076482,-0.005083776,-0.000754293,0.774504056,-0.00252286,-0.00078347,-0.000580964,-0.00393333,-0.00487433,-0.003088303,-0.005053,-0.00244001,-0.005053,-0.024622504,0.047766298,-0.050804664,-0.007234071,0.060255304,-0.006924084,-0.005509884,-0.036080961,-0.007900739,-0.009437207,-0.030702648,-0.022747009,-0.020304496,-0.004447069,0.074230384,-0.00973404,0.028357259,-0.022494007,-0.007898931,0.090000432,-0.00660901,-0.005579806,-0.020472488,0.05925601,-0.000625702,-0.00040704
manufacturer_Alfani,0.006825054,-0.060000835,0.054852901,0.055635541,-0.025722395,-0.005036059,0,-0.003672922,-0.00553575,-0.000948393,-0.002933458,-0.003582572,-0.00330805,-0.004883605,-0.022062254,-0.008203709,-0.003028063,-0.009928763,-0.026383831,-0.020000083,-0.027522955,-0.006240344,-0.006544606,-0.006240344,-0.000740935,-0.000845594,0,-0.004632084,-0.000948393,-0.002838092,-0.003582572,-0.00330805,-0.004883605,-0.006544606,-0.004290294,-0.003028063,-0.009928763,-0.026383831,-0.020070768,-0.027080703,-0.006544606,-0.0024502,-0.006240344,-0.009736572,-0.006469025,-0.000740935,-0.005294226,-0.003672922,-3.90229E-05,-0.002645607,-0.005202927,-0.006240344,-0.004290294,-0.006544606,-0.003582572,-0.006544606,-0.026883772,0.052053002,-0.056573068,-0.008806797,0.006355239,0.0068722,-0.036950082,-0.039395621,-0.008638329,-0.00030389,-0.027444901,-0.024836047,-0.023260037,-0.005773845,0.089686831,0.050004405,-0.00935377,-0.003036323,-0.009542705,0.0042726,-0.008034451,0.002344727,0.020095423,0.007384249,0.00730935,-0.000547076
manufacturer_Bearpaw,-0.000483802,-0.055546832,0.07454062,0.072422904,0.066027227,-0.00580072,-0.004632084,-0.005468666,0.940833094,-0.003507644,-0.004632084,-0.00536645,-0.005055873,-0.006838354,-0.024959807,-0.020594508,-0.004739004,-0.022546022,-0.029848972,-0.023882705,-0.030037703,-0.008373281,-0.008707504,-0.008373281,-0.003284071,-0.003400344,-0.004632084,0,-0.003507644,-0.004524306,-0.00536645,-0.005055873,-0.006838354,-0.008707504,-0.006067021,-0.004739004,-0.022546022,-0.029848972,-0.023950247,-0.030638499,-0.008707504,-0.004085368,-0.008373281,-0.02232869,-0.008630996,-0.003284071,-0.007302904,-0.005468666,-0.024490095,-0.004306439,-0.007200928,-0.008373281,-0.006067021,-0.008707504,-0.00536645,-0.008707504,-0.030404573,0.059002568,-0.064003249,-0.020288006,0.074429406,-0.020905331,-0.040803063,0.049972061,-0.009772851,-0.000657061,0.059004099,-0.02809802,-0.026306043,-0.007845505,-0.008090601,-8.02003E-08,-0.007455083,-0.008290606,-0.00459045,-0.009879224,0.007092055,-0.020905331,-0.025288309,-0.030739501,-0.002589451,-0.000750376
manufacturer_Bloch,-0.026704784,-0.082060449,0.00444046,0.004679503,-0.007200526,-0.004744968,-0.000948393,-0.002630536,-0.004352483,0,-0.000948393,-0.002548067,-0.002294454,-0.003750008,-0.020380901,-0.006807248,-0.002035791,-0.008400906,-0.02437433,-0.009502344,-0.025426693,-0.005003402,-0.0052845,-0.005003402,-0.000847621,-0.000943385,-0.000948393,-0.003507644,0,-0.000860383,-0.002548067,-0.002294454,-0.003750008,-0.0052845,-0.003200886,-0.002035791,-0.008400906,-0.02437433,-0.009558305,-0.025009048,-0.0052845,-0.000500951,-0.005003402,-0.008233353,-0.005204675,-0.000847621,-0.004029354,-0.002630536,-0.000658088,-0.000682474,-0.004054247,-0.005003402,-0.003200886,-0.0052845,-0.002548067,-0.0052845,-0.024836093,0.048080823,-0.052264321,-0.007383632,-0.07340007,0.624004526,0.08400009,-0.036395088,-0.007980398,-0.009509004,-0.03096909,-0.022944523,-0.02048938,-0.004572443,-0.044840099,-0.009780823,0.060636782,-0.0296243,-0.008054261,-0.006233047,0.020663286,-0.007070055,-0.020650053,-0.025908021,-0.028935637,-0.000429337
manufacturer_Brinley Co,0.008090235,-0.00707948,-0.047469053,-0.043999873,0.050609802,-0.005098327,-0.002838092,-0.00357221,-0.005420306,-0.000860383,0.99263405,-0.003482525,-0.003200025,-0.004773974,-0.020899747,-0.008069633,-0.002932,-0.009780971,-0.026089492,-0.020954689,-0.027320225,-0.00602072,-0.006422741,-0.00602072,-0.000655446,-0.00075834,-0.002838092,-0.004524306,-0.000860383,0,-0.003482525,-0.003200025,-0.004773974,-0.006422741,-0.004085034,-0.002932,-0.009780971,-0.026089492,-0.020004827,-0.026882223,-0.006422741,-0.002358504,-0.00602072,-0.009590096,-0.006347706,-0.000655446,-0.005080571,-0.00357221,-0.00922859,-0.00255247,-0.005000871,-0.00602072,-0.004085034,-0.006422741,-0.003482525,-0.006422741,-0.026685751,0.05076886,-0.056056459,-0.008678096,0.065304379,-0.008342341,-0.036678003,-0.039005439,-0.008574701,-0.000227995,-0.033275367,-0.024653207,-0.0230897,-0.005657657,0.092364408,-0.020253906,-0.024862474,-0.006407488,-0.009398766,-0.007442034,-0.008000876,0.044578951,-0.022087975,0.004986269,-0.03009048,-0.00053578
manufacturer_Charles by Charles David,-0.06888757,0.026773098,-0.024360583,-0.020527957,-0.02700337,-0.005393936,-0.003582572,-0.004359049,-0.00630547,-0.002548067,-0.003582572,0,-0.003975964,-0.005630594,-0.023069531,-0.00900734,-0.003680925,-0.020928962,-0.027708003,-0.022069677,-0.028904297,-0.007055426,-0.007374959,-0.007055426,-0.002330248,-0.00244001,-0.003582572,-0.00536645,-0.002548067,-0.003482525,0,-0.003975964,-0.005630594,-0.007374959,-0.005007506,-0.003680925,-0.020928962,-0.027708003,-0.022233301,-0.028440899,-0.007374959,-0.003075071,-0.007055426,-0.020727026,-0.007295584,-0.002330248,-0.006060823,-0.004359049,-0.005560847,-0.003280284,-0.005976444,-0.007055426,-0.005007506,-0.007374959,0,-0.007374959,-0.028233035,-0.260436964,0.224325374,-0.009760089,-0.090954074,-0.00940586,-0.038804665,-0.040372838,-0.009070876,-0.000820031,0.405080349,-0.026082641,-0.024428479,-0.006565504,-0.045971,-0.022486243,-0.026304041,0.080636307,-0.020523539,-0.008453352,-0.009044597,-0.00940586,-0.02347447,0.09893845,-0.032893059,-0.000624827
manufacturer_Converse,-0.070383931,0.044767578,-0.0409494,-0.03760598,-0.026467393,-0.005284908,-0.00330805,-0.00406893,-0.005985702,-0.002294454,-0.00330805,-0.003975964,0,-0.005304678,-0.022700243,-0.008730953,-0.003405395,-0.02050596,-0.027047986,-0.020720597,-0.028320001,-0.006700703,-0.007023787,-0.006700703,-0.002082007,-0.002088678,-0.00330805,-0.005055873,-0.002294454,-0.003200025,-0.003975964,0,-0.005304678,-0.007023787,-0.004704084,-0.003405395,-0.02050596,-0.027047986,-0.020783937,-0.02786607,-0.007023787,-0.002800806,-0.006700703,-0.020308203,-0.006946007,-0.002082007,-0.005737092,-0.00406893,-0.003226085,-0.003000871,-0.005653539,-0.006700703,-0.004704084,-0.007023787,-0.003975964,-0.007023787,-0.027662407,0.05366351,0.042779926,-0.009360788,-0.007222242,-0.009003641,0.229252698,-0.040536637,-0.00888852,-0.000602323,-0.034493093,-0.025555476,-0.023934746,0.266479098,-0.043020728,-0.022030766,-0.0257724,-0.032995385,-0.02000873,-0.008080385,-0.00865968,-0.009003641,-0.02300001,0.095205396,-0.032228344,-0.000590987
manufacturer_Crocs,0.063652026,-0.020500273,-0.054489587,-0.05862639,0.023869456,-0.005900605,-0.004883605,-0.005734567,-0.007878278,-0.003750008,-0.004883605,-0.005630594,-0.005304678,0,-0.025388868,-0.020948531,-0.004992474,-0.022933683,-0.030362066,-0.024293241,-0.03067295,-0.008689002,-0.009039251,-0.008689002,-0.00350241,-0.003630709,-0.004883605,-0.006838354,-0.003750008,-0.004773974,-0.005630594,-0.005304678,0,-0.009039251,-0.006445028,-0.004992474,-0.022933683,-0.030362066,-0.024362961,-0.030065065,-0.009039251,-0.00432749,-0.008689002,-0.022702503,-0.008952274,-0.00350241,-0.007600336,-0.005734567,-0.026630057,-0.00455236,-0.007506778,-0.008689002,-0.006445028,-0.009039251,-0.005630594,-0.009039251,-0.030937389,0.060006802,-0.065003443,-0.002724069,0.072390795,-0.020264687,-0.042520643,-0.045335803,0.028045066,-0.000857544,-0.03857688,-0.028580007,-0.026768407,-0.008052273,0.000200269,-0.024640031,0.039643569,0.000640395,-0.022489425,-0.02022094,-0.020868809,-0.020264687,-0.0005235,0.029560297,-0.030425907,-0.000780464
manufacturer_DANSKO,-0.00029507,0.079975468,-0.052830698,-0.048847904,-0.032904339,-0.006570225,-0.006544606,-0.007490536,-0.009873483,-0.0052845,-0.006544606,-0.007374959,-0.007023787,-0.009039251,0.749905501,-0.023286375,-0.006665625,-0.025493068,-0.033750455,-0.027004352,-0.035207631,-0.020774806,-0.02006402,-0.020774806,-0.005020398,-0.005053,-0.006544606,-0.008707504,-0.0052845,-0.006422741,-0.007374959,-0.007023787,-0.009039251,0,-0.008280283,-0.006665625,-0.025493068,-0.033750455,-0.027080852,-0.034643078,-0.02006402,-0.005926431,-0.020774806,-0.025247206,-0.020067337,-0.005020398,-0.009564523,-0.007490536,-0.040763009,-0.006076396,-0.009460524,-0.020774806,-0.008280283,0,-0.007374959,-0.02006402,-0.034389984,-0.307232029,0.27940705,-0.024070631,-0.239492867,-0.023637804,-0.047267033,-0.050395263,-5.02351E-05,-0.003080838,-0.042882037,0.66605027,-0.029755746,-0.020078056,-0.077803779,-0.027389954,-0.032040323,-0.040009958,-0.02499923,-0.022477586,-0.023097767,-0.023637804,-0.02859369,-0.035888,-0.04006637,-0.000979063
manufacturer_Dansko,-0.08662929,0.05545261,-0.029055057,-0.025434395,-0.028420905,-0.005674988,-0.004290294,-0.005007334,-0.00706559,-0.003200886,-0.004290294,-0.005007506,-0.004704084,-0.006445028,0.647725924,-0.020003451,-0.004394823,-0.022009469,-0.029050731,-0.02332483,-0.030400359,-0.007944,-0.008280283,-0.007944,-0.002973769,-0.003088303,-0.004290294,-0.006067021,-0.003200886,-0.004085034,-0.005007506,-0.004704084,-0.006445028,-0.008280283,0,-0.004394823,-0.022009469,-0.029050731,-0.023390771,-0.029922806,-0.008280283,-0.003756349,-0.007944,-0.020807006,-0.008096773,-0.002973769,-0.006898727,-0.005007334,-0.020583202,-0.003972255,-0.006808899,-0.007944,0,-0.008280283,-0.005007506,-0.008280283,-0.029704021,-0.274007066,0.252598437,-0.020790848,-0.207204027,-0.020407005,-0.040826587,-0.043528575,-0.009544567,-0.000384861,-0.037039076,0.575382889,-0.025700328,-0.007428662,-0.053576838,-0.023657891,-0.027674607,-0.035430707,-0.020592921,-0.009404866,-0.020036908,-0.020407005,-0.024697601,0.00409365,-0.034607061,-0.000709489
manufacturer_MICHAEL Michael Kors,0.0020757,-0.003952843,0.050785048,0.04925722,-0.025900547,-0.005073729,-0.003028063,-0.003772936,-0.00564939,-0.002035791,-0.003028063,-0.003680925,-0.003405395,-0.004992474,-0.022223633,-0.008336874,0,-0.020074536,-0.026576821,-0.020264598,-0.027724277,-0.006359038,-0.006665625,-0.006359038,-0.000827824,-0.00093224,-0.003028063,-0.004739004,-0.002035791,-0.002932,-0.003680925,-0.003405395,-0.004992474,-0.006665625,-0.004394823,0,-0.020074536,-0.026576821,-0.020325626,-0.027279798,-0.006665625,-0.00254028,-0.006359038,-0.00988094,-0.006589491,-0.000827824,-0.005406099,-0.003772936,-0.000844028,-0.002738006,-0.005324205,-0.006359038,-0.004394823,-0.006665625,-0.003680925,-0.006665625,-0.02708041,0.052534497,-0.056986985,-0.008954437,0.066270099,-0.008603605,-0.037220463,-0.03968379,-0.008700506,-0.000379261,-0.033767494,-0.025007806,-0.023430085,-0.005889226,0.093730432,-0.003567504,-0.025230078,-0.007239364,0.009728528,-0.007699993,-0.0082671,0.033075992,0.098555651,-0.028260003,-0.005978822,-0.000558494
manufacturer_New Balance,0.084053572,-0.077470689,0.066625527,0.074607043,-0.009400348,-0.007904048,-0.009928763,-0.02006808,-0.023938554,-0.008400906,-0.009928763,-0.020928962,-0.02050596,-0.022933683,-0.03399504,-0.028049543,-0.020074536,0,-0.040654024,-0.032528024,-0.042409263,-0.02502424,-0.025493068,-0.02502424,-0.008092781,-0.008252507,-0.009928763,-0.022546022,-0.008400906,-0.009780971,-0.020928962,-0.02050596,-0.022933683,-0.025493068,-0.022009469,-0.020074536,0,-0.040654024,-0.032620377,-0.040729353,-0.025493068,-0.00908404,-0.02502424,-0.03040047,-0.025376607,-0.008092781,-0.023566396,-0.02006808,-0.069555857,-0.009485237,-0.023440025,-0.02502424,-0.022009469,-0.025493068,-0.020928962,-0.025493068,-0.040424367,0.080360952,-0.087070833,0.080503502,0.023527092,-0.028472868,-0.053230802,-0.060703486,-0.003300533,-0.005876945,-0.023560028,-0.038269245,-0.035842208,-0.024305426,0.025600046,-0.0329925,0.002859309,-0.045243466,0.054659095,-0.009862708,-0.006944904,-0.028472868,-0.034442457,0.097089283,-0.035506574,-0.002383996
manufacturer_Nike,-0.078998205,0.066770781,-0.005387751,-0.006493926,-0.029033991,-0.000477596,-0.026383831,-0.027892304,-0.030692422,-0.02437433,-0.026383831,-0.027708003,-0.027047986,-0.030362066,-0.045006276,-0.037034991,-0.026576821,-0.040654024,0,-0.043064083,-0.056045927,-0.03302977,-0.033750455,-0.03302977,-0.023953063,-0.024064625,-0.026383831,-0.029848972,-0.02437433,-0.026089492,-0.027708003,-0.027047986,-0.030362066,-0.033750455,-0.029050731,-0.026576821,-0.040654024,0,-0.043087673,-0.055245788,-0.033750455,-0.025398021,-0.03302977,-0.040260961,-0.033596271,-0.023953063,-0.03009971,-0.027892304,-0.224476209,-0.025796644,-0.030033873,-0.03302977,-0.029050731,-0.033750455,-0.027708003,-0.033750455,-0.054842006,0.006390438,0.097488021,-0.038385651,-0.06553975,-0.027075784,0.508003556,-0.080365778,-0.007620909,-0.0200096,-0.068384369,-0.050664927,-0.047450755,-0.02600028,-0.060774053,-0.043679006,0.008930506,-0.065404895,-0.024758605,-0.035845209,0.065709207,0.048048439,-0.036704956,0.000448891,-0.004640054,-0.003056089
manufacturer_Nine West,-0.002888769,-0.058055972,0.040236336,0.030060591,-0.008646,-0.008407375,-0.020070768,-0.022380096,-0.025430458,-0.009558305,-0.020070768,-0.022233301,-0.020783937,-0.024362961,-0.036003686,-0.029797653,-0.020325626,-0.032620377,-0.043087673,0.99703829,-0.045052303,-0.026583806,-0.027080852,-0.026583806,-0.009220364,-0.009390044,-0.020070768,-0.023950247,-0.009558305,-0.020004827,-0.022233301,-0.020783937,-0.024362961,-0.027080852,-0.023390771,-0.020325626,-0.032620377,-0.043087673,0,-0.044330008,-0.027080852,-0.02037974,-0.026583806,-0.03230678,-0.026958033,-0.009220364,-0.025035006,-0.022380096,-0.080022954,-0.0206996,-0.024902028,-0.026583806,-0.023390771,-0.027080852,-0.022233301,-0.027080852,-0.044006026,0.085369225,-0.092604575,-0.030800201,0.007689905,-0.030247361,-0.060483725,-0.064486662,-0.004040075,-0.006866431,-0.054872606,-0.040654269,-0.038075974,-0.025820094,0.052303043,0.0780784,-0.006507532,-0.000300353,-0.00350387,0.087000347,-0.006456448,0.005230281,-0.020284305,-0.000694085,-0.00500079,-0.002532571
manufacturer_Nomad,-0.006728004,0.2703037,-0.238334301,-0.239533773,-0.046228333,-0.000754736,-0.027080703,-0.028630086,-0.03253071,-0.025009048,-0.027080703,-0.028440899,-0.02786607,-0.030065065,-0.046096725,-0.038007238,-0.027279798,-0.040729353,-0.055245788,-0.044203059,0.983967867,-0.034006076,-0.034643078,-0.034006076,-0.02458674,-0.024803796,-0.027080703,-0.030638499,-0.025009048,-0.026882223,-0.028440899,-0.02786607,-0.030065065,-0.034643078,-0.029922806,-0.027279798,-0.040729353,-0.055245788,-0.044330008,0,-0.034643078,-0.026069808,-0.034006076,-0.04032691,-0.034484907,-0.02458674,-0.032024975,-0.028630086,-0.230403767,-0.026478984,-0.030854741,-0.034006076,-0.029922806,-0.034643078,-0.028440899,-0.034643078,0.992690353,-0.500605324,0.406926842,-0.039400979,-0.354800305,-0.038692505,-0.077370943,0.676809664,-0.00808802,-0.020575585,-0.064037566,-0.05200505,-0.048706888,-0.03302926,-0.287694331,-0.044834347,0.037466326,-0.067045066,-0.040920996,-0.03679334,0.078099666,-0.038692505,-0.046804731,0.00894201,-0.065584247,-0.003239673
manufacturer_Novascarpa Group LLC,-0.055820953,0.000608987,-0.027202891,-0.024674023,-0.032904339,-0.006570225,-0.006544606,-0.007490536,-0.009873483,-0.0052845,-0.006544606,-0.007374959,-0.007023787,-0.009039251,-0.02822225,-0.023286375,-0.006665625,-0.025493068,-0.033750455,-0.027004352,-0.035207631,-0.020774806,0,-0.020774806,-0.005020398,-0.005053,-0.006544606,-0.008707504,-0.0052845,-0.006422741,-0.007374959,-0.007023787,-0.009039251,-0.02006402,-0.008280283,-0.006665625,-0.025493068,-0.033750455,-0.027080852,-0.034643078,0,-0.005926431,-0.020774806,-0.025247206,-0.020067337,-0.005020398,-0.009564523,-0.007490536,-0.040763009,-0.006076396,-0.009460524,-0.020774806,-0.008280283,-0.02006402,-0.007374959,0,-0.034389984,-0.307232029,-0.072368948,-0.024070631,0.084057893,-0.023637804,-0.047267033,-0.050395263,-5.02351E-05,-0.003080838,0.49354048,-0.03077064,-0.029755746,-0.020078056,-0.077803779,-0.027389954,0.000246054,-0.00620968,-0.02499923,0.037774832,0.035272724,-0.023637804,-0.02859369,-0.035888,-0.04006637,-0.000979063
manufacturer_Pleaser Shoes,-0.024227924,-0.084374806,0.052002478,0.050004351,-0.024760299,-0.004944251,-0.0024502,-0.003062045,-0.00495527,-0.000500951,-0.0024502,-0.003075071,-0.002800806,-0.00432749,-0.020237906,-0.007523552,-0.00254028,-0.00908404,-0.025398021,-0.020320409,-0.026494582,-0.005633537,-0.005926431,-0.005633537,-0.000303207,-0.000402994,-0.0024502,-0.004085368,-0.000500951,-0.002358504,-0.003075071,-0.002800806,-0.00432749,-0.005926431,-0.003756349,-0.00254028,-0.00908404,-0.025398021,-0.02037974,-0.026069808,-0.005926431,0,-0.005633537,-0.008999031,-0.005853673,-0.000303207,-0.00472277,-0.003062045,-0.005927603,-0.002073024,-0.004644508,-0.005633537,-0.003756349,-0.005926431,-0.003075071,-0.005926431,-0.025879283,0.050204359,-0.054459359,-0.008003723,0.063330821,-0.007788008,-0.03556957,-0.020332046,-0.008305565,-0.009908895,-0.032269755,-0.023908065,-0.022390908,-0.005084468,0.079002384,-0.020600594,-0.024000007,-0.030868496,-0.008802508,0.00575577,-0.007456873,0.004628726,-0.020507434,0.002407531,0.003259423,-0.000489368
manufacturer_Propet,-0.033370902,0.066333326,-0.037700959,-0.037746631,-0.003863964,-0.006449396,-0.006240344,-0.007068878,-0.009508002,-0.005003402,-0.006240344,-0.007055426,-0.006700703,-0.008689002,-0.027703231,-0.022858029,-0.006359038,-0.02502424,-0.03302977,-0.02650773,-0.034560049,0,-0.020774806,-0.020392749,-0.004744066,-0.00487433,-0.006240344,-0.008373281,-0.005003402,-0.00602072,-0.007055426,-0.006700703,-0.008689002,-0.020774806,-0.007944,-0.006359038,-0.02502424,-0.03302977,-0.026583806,-0.034006076,-0.020774806,-0.005633537,0,-0.024782909,-0.0206799,-0.004744066,-0.009204723,-0.007068878,-0.038074428,-0.005878906,-0.009002637,-0.020392749,-0.007944,-0.020774806,-0.007055426,-0.020774806,-0.033757538,0.065487733,0.034540323,-0.023627961,-0.006527298,-0.023203005,-0.009402342,-0.049468474,-0.000847007,-0.002938438,0.02367468,0.070802038,-0.029208525,-0.009806973,-0.077408865,0.002200496,-0.030450089,0.057060678,0.030903301,-0.022064204,-0.022770051,0.244080835,-0.028067841,-0.029540943,-0.028999074,-0.000942766
manufacturer_Toms,-0.035028274,-0.200405591,0.078066451,0.080846996,0.052632055,-0.007837824,-0.009736572,-0.020865,-0.023707693,-0.008233353,-0.009736572,-0.020727026,-0.020308203,-0.022702503,-0.033667096,-0.027779037,-0.00988094,-0.03040047,-0.040260961,-0.032204327,-0.042000274,-0.024782909,-0.025247206,-0.024782909,-0.007908297,-0.008076482,-0.009736572,-0.02232869,-0.008233353,-0.009590096,-0.020727026,-0.020308203,-0.022702503,-0.025247206,-0.020807006,-0.00988094,-0.03040047,-0.040260961,-0.03230678,-0.04032691,-0.025247206,-0.008999031,-0.024782909,0,-0.025030878,-0.007908297,-0.023339024,-0.020865,-0.06792068,0.640720003,-0.023205061,-0.024782909,-0.020807006,-0.025247206,-0.020727026,-0.025247206,-0.040024876,-0.000739629,-0.086330059,-0.0287046,0.000394555,-0.02809828,-0.056386307,-0.060008069,-0.003082068,-0.00572383,-0.047005204,-0.03790008,-0.03549655,0.508646078,-0.008062548,-0.002470406,-0.038220893,-0.048933977,0.003080872,-0.026804208,-0.027673334,-0.007382757,0.02260503,-0.038088543,0.007982742,-0.002360005
manufacturer_UGG Australia,0.003459792,0.020204805,-0.004788257,-0.023027005,0.040004268,-0.00654021,-0.006469025,-0.007400633,-0.009782695,-0.005204675,-0.006469025,-0.007295584,-0.006946007,-0.008952274,-0.028093321,-0.023079994,-0.006589491,-0.025376607,-0.033596271,-0.026880987,-0.03504679,-0.0206799,-0.020067337,0.986004505,-0.004950779,-0.005083776,-0.006469025,-0.008630996,-0.005204675,-0.006347706,-0.007295584,-0.006946007,-0.008952274,-0.020067337,-0.008096773,-0.006589491,-0.025376607,-0.033596271,-0.026958033,-0.034484907,-0.020067337,-0.005853673,-0.0206799,-0.025030878,0,-0.004950779,-0.009475045,-0.007400633,-0.040020065,-0.006002497,-0.009370621,0.986004505,-0.008096773,-0.020067337,-0.007295584,-0.020067337,-0.034232878,-0.305453273,-0.032779044,-0.023960668,0.047654024,-0.023529828,-0.04705,0.403823921,-0.000999754,-0.003020624,-0.042686037,-0.030625501,-0.0296098,-0.020085876,-0.074329547,0.037300393,0.02400494,-0.040832564,-0.024885026,-0.022374901,-0.023090791,-0.023529828,-0.028463065,-0.03572405,-0.034786988,-0.000970021
manufacturer_Under Armour,-0.070080865,0.002606491,-0.099467578,-0.000507503,-0.023352663,-0.004662979,-0.000740935,-0.002403274,-0.004004485,-0.000847621,-0.000740935,-0.002330248,-0.002082007,-0.00350241,-0.02002972,-0.00652666,-0.000827824,-0.008092781,-0.023953063,-0.00906536,-0.024987341,-0.004744066,-0.005020398,-0.004744066,0,-0.000754293,-0.000740935,-0.003284071,-0.000847621,-0.000655446,-0.002330248,-0.002082007,-0.00350241,-0.005020398,-0.002973769,-0.000827824,-0.008092781,-0.023953063,-0.009220364,-0.02458674,-0.005020398,-0.000303207,-0.004744066,-0.007908297,-0.004950779,0,-0.0038852,-0.002403274,-0.099900526,-0.0004806,-0.003800402,-0.004744066,-0.002973769,-0.005020398,-0.002330248,-0.005020398,-0.024407046,0.0473483,0.04850244,-0.007083258,-0.0240509,-0.006776082,0.307777456,-0.035766203,-0.007842504,-0.009354623,-0.030433973,-0.022548062,-0.020008063,-0.004320644,-0.026089794,-0.009439028,0.066976248,-0.029002429,-0.007742299,-0.005952653,0.0300297,-0.006776082,-0.020293336,-0.02547028,-0.028435655,-0.000404639
manufacturer_VANS,0.000205235,0.006750877,0.002009885,0.005943406,0.040097661,-0.00607367,-0.005294226,-0.006068665,-0.008370509,-0.004029354,-0.005294226,-0.006060823,-0.005737092,-0.007600336,-0.026089307,-0.020526476,-0.005406099,-0.023566396,-0.03009971,-0.024963463,-0.032546769,-0.009204723,-0.009564523,-0.009204723,-0.0038852,0.774504056,-0.005294226,-0.007302904,-0.004029354,-0.005080571,-0.006060823,-0.005737092,-0.007600336,-0.009564523,-0.006898727,-0.005406099,-0.023566396,-0.03009971,-0.025035006,-0.032024975,-0.009564523,-0.00472277,-0.009204723,-0.023339024,-0.009475045,-0.0038852,0,-0.006068665,-0.03002476,-0.004953844,-0.00798977,-0.009204723,-0.006898727,-0.009564523,-0.006060823,-0.009564523,-0.030790906,0.060672595,0.00335954,-0.02225046,0.003057642,-0.020850355,0.050742634,-0.046586575,-0.000205099,-0.002084679,-0.039640071,-0.029369533,-0.027506906,-0.008653073,-0.007057479,0.0363047,0.000396201,-0.03255658,-0.023009881,0.062769331,-0.020444565,-0.00300208,-0.026432685,0.033090087,-0.005049086,-0.000829585
manufacturer_asics,-0.069520661,-0.00500222,-0.023486535,-0.023939458,0.000832923,-0.005429806,-0.003672922,0,-0.006423999,-0.002630536,-0.003672922,-0.004359049,-0.00406893,-0.005734567,-0.023323652,-0.009244507,-0.003772936,-0.02006808,-0.027892304,-0.022307047,-0.029096566,-0.007068878,-0.007490536,-0.007068878,-0.002403274,-0.00252286,-0.003672922,-0.005468666,-0.002630536,-0.00357221,-0.004359049,-0.00406893,-0.005734567,-0.007490536,-0.005007334,-0.003772936,-0.02006808,-0.027892304,-0.022380096,-0.028630086,-0.007490536,-0.003062045,-0.007068878,-0.020865,-0.007400633,-0.002403274,-0.006068665,0,-0.006330555,-0.003368624,-0.006082708,-0.007068878,-0.005007334,-0.007490536,-0.004359049,-0.007490536,-0.028420839,0.055034835,0.03807974,0.064305202,-0.088952681,-0.009534947,0.370036668,-0.040648047,-0.009032221,-0.000893,-0.035438908,-0.02625604,-0.024590976,-0.006675706,-0.046940987,-0.02263581,-0.026479004,-0.033900034,-0.02066006,0.064098795,-0.00907028,0.03827778,0.034025994,-0.029658924,-0.033000961,-0.000635636
manufacturer_other,0.083975344,-0.065600704,0.070585674,0.06994441,-0.00373098,0.046675754,-3.90229E-05,-0.006330555,-0.000805949,-0.000658088,-0.006740946,-0.005560847,-0.003226085,-0.026630057,-0.087707806,-0.054879003,-0.000844028,-0.069555857,-0.224476209,-0.079607495,-0.209590757,-0.038074428,-0.040763009,-0.038074428,-0.099900526,-0.00078347,-3.90229E-05,-0.024490095,-0.000658088,-0.00922859,-0.005560847,-0.003226085,-0.026630057,-0.040763009,-0.020583202,-0.000844028,-0.069555857,-0.224476209,-0.080022954,-0.230403767,-0.040763009,-0.005927603,-0.038074428,-0.06792068,-0.040020065,-0.099900526,-0.03002476,-0.006330555,0,-0.007590039,-0.029433062,-0.038074428,-0.020583202,-0.040763009,-0.005560847,-0.040763009,-0.228729754,0.443722909,-0.329040233,0.020547866,0.294898791,-0.000493023,-0.257675034,-0.044822034,0.029470703,0.093638437,-0.046266776,-0.079330924,3.92629E-05,-0.004273209,0.354967041,0.045906782,-0.040339488,0.039709308,0.084420409,0.046807263,-0.06380055,-0.090720095,0.042677889,-0.082637453,0.067469478,0.00406024
manufacturerNumber_00004902,-0.07665908,-0.225038096,0.008006593,9.38684E-05,0.045308554,-0.005020851,-0.002645607,-0.003368624,-0.005089993,-0.000682474,-0.002645607,-0.003280284,-0.003000871,-0.00455236,-0.020570246,-0.007798585,-0.002738006,-0.009485237,-0.025796644,-0.020640364,-0.026900406,-0.005878906,-0.006076396,-0.005878906,-0.0004806,-0.000580964,-0.002645607,-0.004306439,-0.000682474,-0.00255247,-0.003280284,-0.003000871,-0.00455236,-0.006076396,-0.003972255,-0.002738006,-0.009485237,-0.025796644,-0.0206996,-0.026478984,-0.006076396,-0.002073024,-0.005878906,0.640720003,-0.006002497,-0.0004806,-0.004953844,-0.003368624,-0.007590039,0,-0.004874354,-0.005878906,-0.003972255,-0.006076396,-0.003280284,-0.006076396,-0.026285459,-0.242470455,-0.055304,-0.008398009,0.0643248,-0.008067201,-0.036027835,-0.038508849,-0.008446078,-7.45725E-05,-0.03277623,-0.024283404,-0.02274335,0.800682602,-0.035900602,-0.020935093,-0.024489531,-0.030352978,-0.009007781,-0.0070804,-0.007730859,-0.008067201,0.07400759,-0.02743052,-0.030624007,-0.000502743
manufacturerNumber_00007-000,-0.062090293,0.059743441,-0.085460591,-0.085040474,-0.030255861,-0.006040386,-0.005202927,-0.006082708,-0.008273862,-0.004054247,-0.005202927,-0.005976444,-0.005653539,-0.007506778,-0.025950635,-0.020402049,-0.005324205,-0.023440025,-0.030033873,-0.024830765,-0.03237376,-0.009002637,-0.009460524,-0.009002637,-0.003800402,-0.00393333,-0.005202927,-0.007200928,-0.004054247,-0.005000871,-0.005976444,-0.005653539,-0.007506778,-0.009460524,-0.006808899,-0.005324205,-0.023440025,-0.030033873,-0.024902028,-0.030854741,-0.009460524,-0.004644508,-0.009002637,-0.023205061,-0.009370621,-0.003800402,-0.00798977,-0.006082708,-0.029433062,-0.004874354,0,-0.009002637,-0.006808899,-0.009460524,-0.005976444,-0.009460524,-0.030620926,-0.290697949,0.080630508,0.020583086,-0.066265047,-0.020735201,-0.043462499,-0.046338937,-6.0799E-05,-0.00200991,-0.039430451,-0.029203405,0.654008958,-0.008553909,-0.0634923,-0.025085331,0.097906092,-0.037708251,-0.022987037,-0.02066836,0.050704828,-0.020735201,-0.026292078,0.082050557,-0.036840408,-0.00080986
manufacturerNumber_5825,0.00340075,0.007787005,-0.000938838,-0.020203299,0.040440789,-0.006449396,-0.006240344,-0.007068878,-0.009508002,-0.005003402,-0.006240344,-0.007055426,-0.006700703,-0.008689002,-0.027703231,-0.022858029,-0.006359038,-0.02502424,-0.03302977,-0.02650773,-0.034560049,-0.020392749,-0.020774806,0,-0.004744066,-0.00487433,-0.006240344,-0.008373281,-0.005003402,-0.00602072,-0.007055426,-0.006700703,-0.008689002,-0.020774806,-0.007944,-0.006359038,-0.02502424,-0.03302977,-0.026583806,-0.034006076,-0.020774806,-0.005633537,-0.020392749,-0.024782909,0.986004505,-0.004744066,-0.009204723,-0.007068878,-0.038074428,-0.005878906,-0.009002637,0,-0.007944,-0.020774806,-0.007055426,-0.020774806,-0.033757538,-0.300398004,-0.030248497,-0.023627961,0.046002939,-0.023203005,-0.046397774,0.402237282,-0.000847007,-0.002938438,-0.042093409,-0.030086366,-0.029208525,-0.009806973,-0.074533896,0.038560069,0.025202806,-0.040265584,-0.024539485,-0.022064204,-0.022770051,-0.023203005,-0.028067841,-0.035228004,-0.039329533,-0.000942766
manufacturerNumber_6020202,-0.08662929,0.05545261,-0.029055057,-0.025434395,-0.028420905,-0.005674988,-0.004290294,-0.005007334,-0.00706559,-0.003200886,-0.004290294,-0.005007506,-0.004704084,-0.006445028,0.647725924,-0.020003451,-0.004394823,-0.022009469,-0.029050731,-0.02332483,-0.030400359,-0.007944,-0.008280283,-0.007944,-0.002973769,-0.003088303,-0.004290294,-0.006067021,-0.003200886,-0.004085034,-0.005007506,-0.004704084,-0.006445028,-0.008280283,0,-0.004394823,-0.022009469,-0.029050731,-0.023390771,-0.029922806,-0.008280283,-0.003756349,-0.007944,-0.020807006,-0.008096773,-0.002973769,-0.006898727,-0.005007334,-0.020583202,-0.003972255,-0.006808899,-0.007944,0,-0.008280283,-0.005007506,-0.008280283,-0.029704021,-0.274007066,0.252598437,-0.020790848,-0.207204027,-0.020407005,-0.040826587,-0.043528575,-0.009544567,-0.000384861,-0.037039076,0.575382889,-0.025700328,-0.007428662,-0.053576838,-0.023657891,-0.027674607,-0.035430707,-0.020592921,-0.009404866,-0.020036908,-0.020407005,-0.024697601,0.00409365,-0.034607061,-0.000709489
manufacturerNumber_806020202,-0.00029507,0.079975468,-0.052830698,-0.048847904,-0.032904339,-0.006570225,-0.006544606,-0.007490536,-0.009873483,-0.0052845,-0.006544606,-0.007374959,-0.007023787,-0.009039251,0.749905501,-0.023286375,-0.006665625,-0.025493068,-0.033750455,-0.027004352,-0.035207631,-0.020774806,-0.02006402,-0.020774806,-0.005020398,-0.005053,-0.006544606,-0.008707504,-0.0052845,-0.006422741,-0.007374959,-0.007023787,-0.009039251,0,-0.008280283,-0.006665625,-0.025493068,-0.033750455,-0.027080852,-0.034643078,-0.02006402,-0.005926431,-0.020774806,-0.025247206,-0.020067337,-0.005020398,-0.009564523,-0.007490536,-0.040763009,-0.006076396,-0.009460524,-0.020774806,-0.008280283,0,-0.007374959,-0.02006402,-0.034389984,-0.307232029,0.27940705,-0.024070631,-0.239492867,-0.023637804,-0.047267033,-0.050395263,-5.02351E-05,-0.003080838,-0.042882037,0.66605027,-0.029755746,-0.020078056,-0.077803779,-0.027389954,-0.032040323,-0.040009958,-0.02499923,-0.022477586,-0.023097767,-0.023637804,-0.02859369,-0.035888,-0.04006637,-0.000979063
manufacturerNumber_Anna,-0.06888757,0.026773098,-0.024360583,-0.020527957,-0.02700337,-0.005393936,-0.003582572,-0.004359049,-0.00630547,-0.002548067,-0.003582572,0,-0.003975964,-0.005630594,-0.023069531,-0.00900734,-0.003680925,-0.020928962,-0.027708003,-0.022069677,-0.028904297,-0.007055426,-0.007374959,-0.007055426,-0.002330248,-0.00244001,-0.003582572,-0.00536645,-0.002548067,-0.003482525,0,-0.003975964,-0.005630594,-0.007374959,-0.005007506,-0.003680925,-0.020928962,-0.027708003,-0.022233301,-0.028440899,-0.007374959,-0.003075071,-0.007055426,-0.020727026,-0.007295584,-0.002330248,-0.006060823,-0.004359049,-0.005560847,-0.003280284,-0.005976444,-0.007055426,-0.005007506,-0.007374959,0,-0.007374959,-0.028233035,-0.260436964,0.224325374,-0.009760089,-0.090954074,-0.00940586,-0.038804665,-0.040372838,-0.009070876,-0.000820031,0.405080349,-0.026082641,-0.024428479,-0.006565504,-0.045971,-0.022486243,-0.026304041,0.080636307,-0.020523539,-0.008453352,-0.009044597,-0.00940586,-0.02347447,0.09893845,-0.032893059,-0.000624827
manufacturerNumber_Flip,-0.055820953,0.000608987,-0.027202891,-0.024674023,-0.032904339,-0.006570225,-0.006544606,-0.007490536,-0.009873483,-0.0052845,-0.006544606,-0.007374959,-0.007023787,-0.009039251,-0.02822225,-0.023286375,-0.006665625,-0.025493068,-0.033750455,-0.027004352,-0.035207631,-0.020774806,0,-0.020774806,-0.005020398,-0.005053,-0.006544606,-0.008707504,-0.0052845,-0.006422741,-0.007374959,-0.007023787,-0.009039251,-0.02006402,-0.008280283,-0.006665625,-0.025493068,-0.033750455,-0.027080852,-0.034643078,0,-0.005926431,-0.020774806,-0.025247206,-0.020067337,-0.005020398,-0.009564523,-0.007490536,-0.040763009,-0.006076396,-0.009460524,-0.020774806,-0.008280283,-0.02006402,-0.007374959,0,-0.034389984,-0.307232029,-0.072368948,-0.024070631,0.084057893,-0.023637804,-0.047267033,-0.050395263,-5.02351E-05,-0.003080838,0.49354048,-0.03077064,-0.029755746,-0.020078056,-0.077803779,-0.027389954,0.000246054,-0.00620968,-0.02499923,0.037774832,0.035272724,-0.023637804,-0.02859369,-0.035888,-0.04006637,-0.000979063
manufacturerNumber_W5668,-0.006985027,0.274504946,-0.242660052,-0.243920268,-0.053467039,-0.000676034,-0.026883772,-0.028420839,-0.032292954,-0.024836093,-0.026883772,-0.028233035,-0.027662407,-0.030937389,-0.045859089,-0.037838652,-0.02708041,-0.040424367,-0.054842006,-0.043880093,0.976776393,-0.033757538,-0.034389984,-0.033757538,-0.024407046,-0.024622504,-0.026883772,-0.030404573,-0.024836093,-0.026685751,-0.028233035,-0.027662407,-0.030937389,-0.034389984,-0.029704021,-0.02708041,-0.040424367,-0.054842006,-0.044006026,0.992690353,-0.034389984,-0.025879283,-0.033757538,-0.040024876,-0.034232878,-0.024407046,-0.030790906,-0.028420839,-0.228729754,-0.026285459,-0.030620926,-0.033757538,-0.029704021,-0.034389984,-0.028233035,-0.034389984,0,-0.505478803,0.420302872,-0.039003001,-0.359055838,-0.038409705,-0.076805466,0.682405083,-0.007955822,-0.020407897,-0.069680068,-0.050624964,-0.048350906,-0.032787862,-0.288908003,-0.044506669,0.034505872,-0.066654425,-0.040620909,-0.036524431,0.079240038,-0.038409705,-0.046462651,0.009882269,-0.065004905,-0.003205995
manufacturerNumber_other,0.220008796,-0.323635891,0.36007824,0.35938009,0.056059371,0.0207,0.052053002,0.055034835,0.062646522,0.048080823,0.052053002,-0.260436964,0.05366351,0.060006802,-0.423029334,0.073404866,0.052534497,0.080360952,0.006390438,0.085024923,-0.499964334,0.065487733,-0.307232029,-0.300398004,0.0473483,0.047766298,0.052053002,0.059002568,0.048080823,0.05076886,-0.260436964,0.05366351,0.060006802,-0.307232029,-0.274007066,0.052534497,0.080360952,0.006390438,0.085369225,-0.500605324,-0.307232029,0.050204359,0.065487733,-0.000739629,-0.305453273,0.0473483,0.060672595,0.055034835,0.443722909,-0.242470455,-0.290697949,-0.300398004,-0.274007066,-0.307232029,-0.260436964,-0.307232029,-0.505478803,0,-0.504042781,0.060704659,0.423057242,0.074502696,0.0489983,-0.46326908,0.03483329,0.04054951,-0.203373908,-0.359069264,-0.042525731,-0.073255607,0.560484954,0.062067208,-0.030527379,0.080692204,0.078804248,0.048200089,-0.077623761,0.074502696,0.033358309,-0.056987661,0.026299887,0.006238851
prices.merchant_Overstock.com,-0.297273899,0.575044041,-0.503536758,-0.505339745,-0.008200951,-0.022466442,-0.056573068,0.03807974,-0.06795604,-0.052264321,-0.056573068,0.224325374,0.042779926,-0.065003443,0.380049053,-0.079626093,-0.056986985,-0.087070833,0.097488021,-0.092339568,0.423579995,0.034540323,-0.072368948,-0.030248497,0.04850244,-0.050804664,-0.056573068,-0.064003249,-0.052264321,-0.056056459,0.224325374,0.042779926,-0.065003443,0.27940705,0.252598437,-0.056986985,-0.087070833,0.097488021,-0.092604575,0.406926842,-0.072368948,-0.054459359,0.034540323,-0.086330059,-0.032779044,0.04850244,0.00335954,0.03807974,-0.329040233,-0.055304,0.080630508,-0.030248497,0.252598437,0.27940705,0.224325374,-0.072368948,0.420302872,-0.504042781,0,-0.082307904,-0.859908731,-0.080827906,0.229966587,0.300779961,-0.007063085,-0.039907244,0.032270201,0.406747228,0.07306336,0.029892357,-0.607988077,-0.0808977,0.006363646,-0.026563346,-0.085483092,-0.067635403,0.054962,0.08332748,-0.083060244,0.062869541,-0.084435509,-0.006767606
prices.merchant_Shoes.com,0.0088706,-0.290950021,0.025840055,0.029305076,-0.026743374,-0.007472561,-0.008806797,0.064305202,-0.022602854,-0.007383632,-0.008806797,-0.009760089,-0.009360788,-0.002724069,-0.032098208,0.007689005,-0.008954437,0.080503502,-0.038385651,-0.030703057,-0.040042953,-0.023627961,-0.024070631,-0.023627961,-0.007083258,-0.007234071,-0.008806797,-0.020288006,-0.007383632,-0.008678096,-0.009760089,-0.009360788,-0.002724069,-0.024070631,-0.020790848,-0.008954437,0.080503502,-0.038385651,-0.030800201,-0.039400979,-0.024070631,-0.008003723,-0.023627961,-0.0287046,-0.023960668,-0.007083258,-0.02225046,0.064305202,0.020547866,-0.008398009,0.020583086,-0.023627961,-0.020790848,-0.024070631,-0.009760089,-0.024070631,-0.039003001,0.060704659,-0.082307904,0,-0.286007506,-0.026884067,0.028346527,-0.020066886,0.039575048,0.000580801,0.027490327,-0.036033935,0.002978954,-0.022949255,-0.026389345,-0.002094034,-0.003609771,0.028029524,0.005987043,-0.025564597,-0.008994722,0.030082095,-0.020377003,-0.000287404,-0.045568976,-0.002250976
prices.merchant_Walmart,0.264520235,-0.335098906,0.465099202,0.4563459,0.022906281,0.026026239,0.006355239,-0.088952681,0.079026021,-0.07340007,0.065788971,-0.090954074,-0.007222242,0.072390795,-0.326204671,0.076084092,0.066270099,0.023527092,-0.06553975,0.007380738,-0.360462577,-0.006527298,0.084057893,0.046002939,-0.0240509,0.060255304,0.006355239,0.074429406,-0.07340007,0.065304379,-0.090954074,-0.007222242,0.072390795,-0.239492867,-0.207204027,0.066270099,0.023527092,-0.06553975,0.007689905,-0.354800305,0.084057893,0.063330821,-0.006527298,0.000394555,0.047654024,-0.0240509,0.003057642,-0.088952681,0.294898791,0.0643248,-0.066265047,0.046002939,-0.207204027,-0.239492867,-0.090954074,0.084057893,-0.359055838,0.423057242,-0.859908731,-0.286007506,0,-0.28087459,-0.258028976,-0.27720044,-0.040854871,0.038060803,-0.009037053,-0.357030731,-0.064345708,-0.00074358,0.575492689,0.083087405,-0.020965093,0.009470266,0.06605697,0.072406494,-0.060500395,-0.078606907,0.088885234,-0.050067422,0.09760604,0.007870064
prices.merchant_other,0.005555339,-0.234005471,-0.006020567,-0.006327651,-0.036750408,-0.007338097,0.0068722,-0.009534947,-0.022096429,0.624004526,-0.00847845,-0.00940586,-0.009003641,-0.020264687,-0.030520056,-0.026008241,-0.008603605,-0.028472868,-0.027075784,-0.030060801,-0.039322936,-0.023203005,-0.023637804,-0.023203005,-0.006776082,-0.006924084,0.0068722,-0.020905331,0.624004526,-0.008342341,-0.00940586,-0.009003641,-0.020264687,-0.023637804,-0.020407005,-0.008603605,-0.028472868,-0.027075784,-0.030247361,-0.038692505,-0.023637804,-0.007788008,-0.023203005,-0.02809828,-0.023529828,-0.006776082,-0.020850355,-0.009534947,-0.000493023,-0.008067201,-0.020735201,-0.023203005,-0.020407005,-0.023637804,-0.00940586,-0.023637804,-0.038409705,0.074502696,-0.080827906,-0.026884067,-0.28087459,0,0.098355903,0.009300845,-0.002340861,-0.004720503,-0.034963661,-0.035484206,-0.020325469,-0.022536602,-0.007308501,-0.000305006,0.009864765,0.002364207,0.028005334,-0.000866303,0.049260847,-0.02640076,-0.003404647,-0.009975426,-0.008209075,-0.0022005
categories_Athletic,-0.083572979,0.040297251,-0.06387235,-0.063297367,-0.055929498,-0.004673725,-0.036950082,0.370036668,-0.044384789,0.08400009,-0.036950082,-0.038804665,0.229252698,-0.042520643,-0.063030652,-0.052007028,-0.037220463,-0.053230802,0.508003556,-0.060300638,-0.078630575,-0.009402342,-0.047267033,-0.046397774,0.307777456,-0.005509884,-0.036950082,-0.040803063,0.08400009,-0.036678003,-0.038804665,0.229252698,-0.042520643,-0.047267033,-0.040826587,-0.037220463,-0.053230802,0.508003556,-0.060483725,-0.077370943,-0.047267033,-0.03556957,-0.009402342,-0.056386307,-0.04705,0.307777456,0.050742634,0.370036668,-0.257675034,-0.036027835,-0.043462499,-0.046397774,-0.040826587,-0.047267033,-0.038804665,-0.047267033,-0.076805466,0.0489983,0.229966587,0.028346527,-0.258028976,0.098355903,0,-0.002550034,-0.024679234,-0.029437654,-0.09577034,-0.070955501,-0.06645551,-0.045065,-0.39700005,-0.023079453,0.04535,-0.090602633,-0.055832467,-0.006820047,0.06056793,0.050064369,-0.040568685,0.006497888,-0.057506908,-0.004420098
categories_Boots,-0.00590229,0.209890557,-0.205042782,-0.200358367,-0.003277039,-0.005644863,-0.039395621,-0.040648047,0.0730344,-0.036395088,-0.039395621,-0.040372838,-0.040536637,-0.045335803,-0.067202051,-0.050605452,-0.03968379,-0.060703486,-0.080365778,-0.06430201,0.688062022,-0.049468474,-0.050395263,0.402237282,-0.035766203,-0.036080961,-0.039395621,0.049972061,-0.036395088,-0.039005439,-0.040372838,-0.040536637,-0.045335803,-0.050395263,-0.043528575,-0.03968379,-0.060703486,-0.080365778,-0.064486662,0.676809664,-0.050395263,-0.020332046,-0.049468474,-0.060008069,0.403823921,-0.035766203,-0.046586575,-0.040648047,-0.044822034,-0.038508849,-0.046338937,0.402237282,-0.043528575,-0.050395263,-0.040372838,-0.050395263,0.682405083,-0.46326908,0.300779961,-0.020066886,-0.27720044,0.009300845,-0.002550034,0,-0.026302557,-0.030385899,-0.002009685,-0.075650494,-0.070853673,-0.048047506,-0.423382024,-0.029025974,0.029093304,-0.030249694,-0.052358662,-0.053523093,0.029405288,-0.056285799,-0.068086604,-0.023707008,-0.074370893,-0.004702736
categories_Flats,-0.005076394,-0.03279303,-0.006690544,-0.006705055,-0.007080032,-0.003430469,-0.008638329,-0.009032221,-0.000376405,-0.007980398,-0.008638329,-0.009070876,-0.00888852,0.028045066,-0.004735503,0.003440304,-0.008700506,-0.003300533,-0.007620909,-0.00409961,-0.008382736,-0.000847007,-5.02351E-05,-0.000847007,-0.007842504,-0.007900739,-0.008638329,-0.009772851,-0.007980398,-0.008574701,-0.009070876,-0.00888852,0.028045066,-5.02351E-05,-0.009544567,-0.008700506,-0.003300533,-0.007620909,-0.004040075,-0.00808802,-5.02351E-05,-0.008305565,-0.000847007,-0.003082068,-0.000999754,-0.007842504,-0.000205099,-0.009032221,0.029470703,-0.008446078,-6.0799E-05,-0.000847007,-0.009544567,-5.02351E-05,-0.009070876,-5.02351E-05,-0.007955822,0.03483329,-0.007063085,0.039575048,-0.040854871,-0.002340861,-0.024679234,-0.026302557,0,-0.006882027,-0.022389724,-0.006588201,-0.005536077,-0.000535439,-0.09283555,-0.00082539,-0.006729009,-0.002036705,-0.003052689,-0.000736079,-0.002002001,0.003036305,-0.004929441,-0.008738025,0.036509666,-3.33678E-05
categories_Heels,0.008039894,0.008994288,-0.022922968,-0.022830081,-0.020492645,-0.004090901,-0.00030389,-0.000893,-0.002377098,-0.009509004,-0.00030389,-0.000820031,-0.000602323,-0.000857544,-0.007576666,-0.004502629,-0.000379261,-0.005876945,-0.0200096,-0.006808065,-0.020927024,-0.002938438,-0.003080838,-0.002938438,-0.009354623,-0.009437207,-0.00030389,-0.000657061,-0.009509004,-0.000227995,-0.000820031,-0.000602323,-0.000857544,-0.003080838,-0.000384861,-0.000379261,-0.005876945,-0.0200096,-0.006866431,-0.020575585,-0.003080838,-0.009908895,-0.002938438,-0.00572383,-0.003020624,-0.009354623,-0.002084679,-0.000893,0.093638437,-7.45725E-05,-0.00200991,-0.002938438,-0.000384861,-0.003080838,-0.000820031,-0.003080838,-0.020407897,0.04054951,-0.039907244,0.000580801,0.038060803,-0.004720503,-0.029437654,-0.030385899,-0.006882027,0,-0.026706701,-0.009786584,-0.008530708,-0.002566784,-0.000735236,-0.007058306,-0.009954541,0.069055007,-0.005569387,-0.00399891,0.050760841,-0.004720503,-0.007807996,-0.022350906,-0.024953009,-0.000232602
categories_Sandals,-0.099546801,0.052862901,-0.0569006,-0.05005849,-0.002760749,-0.003302433,-0.027444901,-0.035438908,0.050306928,-0.03096909,-0.033522288,0.405080349,-0.034493093,-0.03857688,-0.057083253,-0.020950494,-0.033767494,-0.023560028,-0.068384369,-0.054705577,-0.065367828,0.02367468,0.49354048,-0.042093409,-0.030433973,-0.030702648,-0.027444901,0.059004099,-0.03096909,-0.033275367,0.405080349,-0.034493093,-0.03857688,-0.042882037,-0.037039076,-0.033767494,-0.023560028,-0.068384369,-0.054872606,-0.064037566,0.49354048,-0.032269755,0.02367468,-0.047005204,-0.042686037,-0.030433973,-0.039640071,-0.035438908,-0.046266776,-0.03277623,-0.039430451,-0.042093409,-0.037039076,-0.042882037,0.405080349,0.49354048,-0.069680068,-0.203373908,0.032270201,0.027490327,-0.009037053,-0.034963661,-0.09577034,-0.002009685,-0.022389724,-0.026706701,0,-0.064372908,-0.060290385,-0.040884297,-0.360260794,-0.055496875,-0.03893237,0.09974645,-0.050652849,-0.000327989,0.0002634,-0.047894377,-0.04700892,0.009443474,-0.0730853,-0.004000033
categories_Slip-ons,-0.048659659,0.262764827,-0.224037834,-0.2083999,-0.049394769,-0.009862977,-0.024836047,-0.02625604,-0.029833334,-0.022944523,-0.024836047,-0.026082641,-0.025555476,-0.028580007,0.888302275,-0.034956639,-0.025007806,-0.038269245,-0.050664927,-0.040537929,-0.052852387,0.070802038,-0.03077064,-0.030086366,-0.022548062,-0.022747009,-0.024836047,-0.02809802,-0.022944523,-0.024653207,-0.026082641,-0.025555476,-0.028580007,0.66605027,0.575382889,-0.025007806,-0.038269245,-0.050664927,-0.040654269,-0.05200505,-0.03077064,-0.023908065,0.070802038,-0.03790008,-0.030625501,-0.022548062,-0.029369533,-0.02625604,-0.079330924,-0.024283404,-0.029203405,-0.030086366,0.575382889,0.66605027,-0.026082641,-0.03077064,-0.050624964,-0.359069264,0.406747228,-0.036033935,-0.357030731,-0.035484206,-0.070955501,-0.075650494,-0.006588201,-0.009786584,-0.064372908,0,-0.044668208,-0.030290546,-0.266902407,-0.03035201,-0.04809774,-0.054780009,-0.037527906,-0.033742506,-0.034823625,0.043968705,-0.042923784,0.026296897,-0.060046043,-0.002970046
categories_Slippers,-0.092602493,-0.066282271,-0.02285989,-0.006860963,-0.04088063,0.220805247,-0.023260037,-0.024590976,-0.027940302,-0.02048938,-0.023260037,-0.024428479,-0.023934746,-0.026768407,-0.039679326,-0.032739687,-0.023430085,-0.035842208,-0.047450755,-0.037967,-0.049500486,-0.029208525,-0.029755746,-0.029208525,-0.020008063,-0.020304496,-0.023260037,-0.026306043,-0.02048938,-0.0230897,-0.024428479,-0.023934746,-0.026768407,-0.029755746,-0.025700328,-0.023430085,-0.035842208,-0.047450755,-0.038075974,-0.048706888,-0.029755746,-0.022390908,-0.029208525,-0.03549655,-0.0296098,-0.020008063,-0.027506906,-0.024590976,3.92629E-05,-0.02274335,0.654008958,-0.029208525,-0.025700328,-0.029755746,-0.024428479,-0.029755746,-0.048350906,-0.042525731,0.07306336,0.002978954,-0.064345708,-0.020325469,-0.06645551,-0.070853673,-0.005536077,-0.008530708,-0.060290385,-0.044668208,0,-0.028369509,-0.24998481,-0.038509052,0.049085927,-0.032402081,-0.035047894,0.00200998,0.094673323,0.008445349,-0.040200556,0.030600349,-0.026875707,-0.002782622
categories_Sneakers,-0.083983046,-0.032499953,-0.040890726,-0.039034928,0.025505501,-0.006264039,-0.005773845,-0.006675706,-0.00894764,-0.004572443,-0.005773845,-0.006565504,0.266479098,-0.008052273,-0.026907464,-0.022200535,-0.005889226,-0.024305426,-0.02600028,-0.025746304,-0.033567409,-0.009806973,-0.020078056,-0.009806973,-0.004320644,-0.004447069,-0.005773845,-0.007845505,-0.004572443,-0.005657657,-0.006565504,0.266479098,-0.008052273,-0.020078056,-0.007428662,-0.005889226,-0.024305426,-0.02600028,-0.025820094,-0.03302926,-0.020078056,-0.005084468,-0.009806973,0.508646078,-0.020085876,-0.004320644,-0.008653073,-0.006675706,-0.004273209,0.800682602,-0.008553909,-0.009806973,-0.007428662,-0.020078056,-0.006565504,-0.020078056,-0.032787862,-0.073255607,0.029892357,-0.022949255,-0.00074358,-0.022536602,-0.045065,-0.048047506,-0.000535439,-0.002566784,-0.040884297,-0.030290546,-0.028369509,0,-0.069520458,-0.026003942,-0.030547665,-0.039008966,-0.023834596,-0.020430426,-0.022007056,-0.022536602,0.030824299,-0.034206086,0.020230289,-0.00088696
categories_other,0.360276682,-0.346085491,0.437384076,0.430950629,0.079775408,-0.05509796,0.089686831,-0.046940987,-0.004925028,-0.044840099,0.093049799,-0.045971,-0.043020728,0.000200269,-0.237000577,0.094677708,0.093730432,0.025600046,-0.060774053,0.050877267,-0.292484344,-0.077408865,-0.077803779,-0.074533896,-0.026089794,0.074230384,0.089686831,-0.008090601,-0.044840099,0.092364408,-0.045971,-0.043020728,0.000200269,-0.077803779,-0.053576838,0.093730432,0.025600046,-0.060774053,0.052303043,-0.287694331,-0.077803779,0.079002384,-0.077408865,-0.008062548,-0.074329547,-0.026089794,-0.007057479,-0.046940987,0.354967041,-0.035900602,-0.0634923,-0.074533896,-0.053576838,-0.077803779,-0.045971,-0.077803779,-0.288908003,0.560484954,-0.607988077,-0.026389345,0.575492689,-0.007308501,-0.39700005,-0.423382024,-0.09283555,-0.000735236,-0.360260794,-0.266902407,-0.24998481,-0.069520458,0,0.002033094,-0.008538525,0.0557942,0.036075927,0.063866887,-0.080770604,-0.084000509,0.096969023,-2.07205E-05,0.050594032,3.0065E-05
colors_Beige,0.02264646,0.03250901,-0.027258093,-0.027728093,0.009442783,-0.008503023,0.050004405,-0.02263581,-0.002953245,-0.009780823,-0.02040062,-0.022486243,-0.022030766,-0.024640031,-0.036524541,0.028550084,-0.003567504,-0.0329925,-0.043679006,0.078480648,-0.045564849,0.002200496,-0.027389954,0.038560069,-0.009439028,-0.00973404,0.050004405,-8.02003E-08,-0.009780823,-0.020253906,-0.022486243,-0.022030766,-0.024640031,-0.027389954,-0.023657891,-0.003567504,-0.0329925,-0.043679006,0.0780784,-0.044834347,-0.027389954,-0.020600594,0.002200496,-0.002470406,0.037300393,-0.009439028,0.0363047,-0.02263581,0.045906782,-0.020935093,-0.025085331,0.038560069,-0.023657891,-0.027389954,-0.022486243,-0.027389954,-0.044506669,0.062067208,-0.0808977,-0.002094034,0.083087405,-0.000305006,-0.023079453,-0.029025974,-0.00082539,-0.007058306,-0.055496875,-0.03035201,-0.038509052,-0.026003942,0.002033094,0,-0.040465797,-0.053087008,-0.032353389,-0.029089938,-0.030020978,-0.030590476,-0.037005249,-0.046445495,-0.050852908,-0.002560384
colors_Blue,0.006508629,0.009590421,-0.024592993,-0.025390378,0.036064623,-0.009946698,-0.00935377,-0.026479004,-0.000378955,0.060636782,-0.025046966,-0.026304041,-0.0257724,0.039643569,-0.042725804,0.005549084,-0.025230078,0.002859309,0.008930506,-0.006334643,0.035326276,-0.030450089,0.000246054,0.025202806,0.066976248,0.028357259,-0.00935377,-0.007455083,0.060636782,-0.024862474,-0.026304041,-0.0257724,0.039643569,-0.032040323,-0.027674607,-0.025230078,0.002859309,0.008930506,-0.006507532,0.037466326,0.000246054,-0.024000007,-0.030450089,-0.038220893,0.02400494,0.066976248,0.000396201,-0.026479004,-0.040339488,-0.024489531,0.097906092,0.025202806,-0.027674607,-0.032040323,-0.026304041,0.000246054,0.034505872,-0.030527379,0.006363646,-0.003609771,-0.020965093,0.009864765,0.04535,0.029093304,-0.006729009,-0.009954541,-0.03893237,-0.04809774,0.049085927,-0.030547665,-0.008538525,-0.040465797,0,-0.06200033,-0.037846468,-0.034028937,-0.035009222,-0.0357854,-0.043288039,-0.054330085,-0.060656688,-0.002996266
colors_Brown,0.022402261,0.008320683,-0.000480371,-0.003442049,0.008660095,0.002984344,-0.003036323,-0.033900034,-0.002004408,-0.0296243,-0.006826207,0.080636307,-0.032995385,0.000640395,-0.054700068,-0.026975932,-0.007239364,-0.045243466,-0.065404895,-4.06238E-06,-0.068239085,0.057060678,-0.00620968,-0.040265584,-0.029002429,-0.022494007,-0.003036323,-0.008290606,-0.0296243,-0.006407488,0.080636307,-0.032995385,0.000640395,-0.040009958,-0.035430707,-0.007239364,-0.045243466,-0.065404895,-0.000300353,-0.067045066,-0.00620968,-0.030868496,0.057060678,-0.048933977,-0.040832564,-0.029002429,-0.03255658,-0.033900034,0.039709308,-0.030352978,-0.037708251,-0.040265584,-0.035430707,-0.040009958,0.080636307,-0.00620968,-0.066654425,0.080692204,-0.026563346,0.028029524,0.009470266,0.002364207,-0.090602633,-0.030249694,-0.002036705,0.069055007,0.09974645,-0.054780009,-0.032402081,-0.039008966,0.0557942,-0.053087008,-0.06200033,0,-0.048453335,-0.0435659,-0.04496075,-0.045804645,-0.05542009,-0.069558065,-0.077656357,-0.003836
colors_Gray,0.060834633,-0.068638096,0.007700994,0.003404482,-0.007952658,-0.007760839,-0.009542705,-0.02066006,-0.006940707,-0.008054261,-0.009542705,-0.020523539,-0.02000873,-0.022489425,-0.033336508,0.000908328,0.009728528,0.054659095,-0.024758605,-0.003362823,-0.040587737,0.030903301,-0.02499923,-0.024539485,-0.007742299,-0.007898931,-0.009542705,-0.00459045,-0.008054261,-0.009398766,-0.020523539,-0.02000873,-0.022489425,-0.02499923,-0.020592921,0.009728528,0.054659095,-0.024758605,-0.00350387,-0.040920996,-0.02499923,-0.008802508,0.030903301,0.003080872,-0.024885026,-0.007742299,-0.023009881,-0.02066006,0.084420409,-0.009007781,-0.022987037,-0.024539485,-0.020592921,-0.02499923,-0.020523539,-0.02499923,-0.040620909,0.078804248,-0.085483092,0.005987043,0.06605697,0.028005334,-0.055832467,-0.052358662,-0.003052689,-0.005569387,-0.050652849,-0.037527906,-0.035047894,-0.023834596,0.036075927,-0.032353389,-0.037846468,-0.048453335,0,-0.026550832,-0.02740051,-0.027920309,-0.033775258,-0.042390505,-0.047326944,-0.002337805
colors_Green,0.035080384,-0.042048046,0.072669424,0.074265808,0.060935306,0.020229086,0.0042726,0.064098795,-0.02000695,-0.006233047,-0.007570463,-0.008453352,-0.008080385,-0.02022094,-0.02997389,-0.024730666,-0.007699993,-0.009862708,-0.035845209,0.087492933,-0.037392827,-0.022064204,0.037774832,-0.022064204,-0.005952653,0.090000432,0.0042726,-0.009879224,-0.006233047,-0.007442034,-0.008453352,-0.008080385,-0.02022094,-0.022477586,-0.009404866,-0.007699993,-0.009862708,-0.035845209,0.087000347,-0.03679334,0.037774832,0.00575577,-0.022064204,-0.026804208,-0.022374901,-0.005952653,0.062769331,0.064098795,0.046807263,-0.0070804,-0.02066836,-0.022064204,-0.009404866,-0.022477586,-0.008453352,0.037774832,-0.036524431,0.048200089,-0.067635403,-0.025564597,0.072406494,-0.000866303,-0.006820047,-0.053523093,-0.000736079,-0.00399891,-0.000327989,-0.033742506,0.00200998,-0.020430426,0.063866887,-0.029089938,-0.034028937,-0.0435659,-0.026550832,0,-0.024637559,-0.025004907,-0.030368385,-0.038005529,-0.042553027,-0.002002001
colors_Pink,-0.033538669,0.020523583,-0.024842301,-0.025792799,0.002646483,-0.007200587,-0.008034451,-0.00907028,0.003700979,0.020663286,-0.008034451,-0.009044597,-0.00865968,-0.020868809,-0.030934253,-0.025524067,-0.0082671,-0.006944904,0.065709207,-0.006336077,0.075920003,-0.022770051,0.035272724,-0.022770051,0.0300297,-0.00660901,-0.008034451,0.007092055,0.020663286,-0.008000876,-0.009044597,-0.00865968,-0.020868809,-0.023097767,-0.020036908,-0.0082671,-0.006944904,0.065709207,-0.006456448,0.078099666,0.035272724,-0.007456873,-0.022770051,-0.027673334,-0.023090791,0.0300297,-0.020444565,-0.00907028,-0.06380055,-0.007730859,0.050704828,-0.022770051,-0.020036908,-0.023097767,-0.009044597,0.035272724,0.079240038,-0.077623761,0.054962,-0.008994722,-0.060500395,0.049260847,0.06056793,0.029405288,-0.002002001,0.050760841,0.0002634,-0.034823625,0.094673323,-0.022007056,-0.080770604,-0.030020978,-0.035009222,-0.04496075,-0.02740051,-0.024637559,0,-0.025909278,-0.030340387,-0.039336749,-0.043906527,-0.00206935
colors_Red,-0.064490892,0.039096075,-0.043022046,-0.04080548,-0.020452643,0.008597457,0.002344727,0.03827778,-0.022096429,-0.007070055,0.043990081,-0.00940586,-0.009003641,-0.020264687,-0.030520056,-0.026008241,0.033075992,-0.028472868,0.048048439,0.00543963,-0.039322936,0.244080835,-0.023637804,-0.023203005,-0.006776082,-0.005579806,0.002344727,-0.020905331,-0.007070055,0.044578951,-0.00940586,-0.009003641,-0.020264687,-0.023637804,-0.020407005,0.033075992,-0.028472868,0.048048439,0.005230281,-0.038692505,-0.023637804,0.004628726,0.244080835,-0.007382757,-0.023529828,-0.006776082,-0.00300208,0.03827778,-0.090720095,-0.008067201,-0.020735201,-0.023203005,-0.020407005,-0.023637804,-0.00940586,-0.023637804,-0.038409705,0.074502696,0.08332748,0.030082095,-0.078606907,-0.02640076,0.050064369,-0.056285799,0.003036305,-0.004720503,-0.047894377,0.043968705,0.008445349,-0.022536602,-0.084000509,-0.030590476,-0.0357854,-0.045804645,-0.027920309,-0.025004907,-0.025909278,0,-0.030935902,-0.040082941,-0.044749595,-0.0022005
colors_Silver,0.036083823,-0.004438601,0.023845835,0.00956972,0.009067905,-0.008876704,0.020095423,0.034025994,-0.026850007,-0.020650053,-0.022352621,-0.02347447,-0.02300001,-0.0005235,-0.038029724,-3.33343E-05,0.098555651,-0.034442457,-0.036704956,-0.020035934,-0.047567337,-0.028067841,-0.02859369,-0.028067841,-0.020293336,-0.020472488,0.020095423,-0.025288309,-0.020650053,-0.022087975,-0.02347447,-0.02300001,-0.0005235,-0.02859369,-0.024697601,0.098555651,-0.034442457,-0.036704956,-0.020284305,-0.046804731,-0.02859369,-0.020507434,-0.028067841,0.02260503,-0.028463065,-0.020293336,-0.026432685,0.034025994,0.042677889,0.07400759,-0.026292078,-0.028067841,-0.024697601,-0.02859369,-0.02347447,-0.02859369,-0.046462651,0.033358309,-0.083060244,-0.020377003,0.088885234,-0.003404647,-0.040568685,-0.068086604,-0.004929441,-0.007807996,-0.04700892,-0.042923784,-0.040200556,0.030824299,0.096969023,-0.037005249,-0.043288039,-0.05542009,-0.033775258,-0.030368385,-0.030340387,-0.030935902,0,-0.048486685,-0.054030743,-0.002673952
colors_White,0.000207431,0.035596349,-0.004758056,-0.003294472,0.000773279,-4.02038E-05,0.007384249,-0.029658924,-0.033699709,-0.025908021,0.004472078,0.09893845,0.095205396,0.029560297,0.040527378,0.006402839,-0.028260003,0.097089283,0.000448891,-0.000444324,0.006874245,-0.029540943,-0.035888,-0.035228004,-0.02547028,0.05925601,0.007384249,-0.030739501,-0.025908021,0.004986269,0.09893845,0.095205396,0.029560297,-0.035888,0.00409365,-0.028260003,0.097089283,0.000448891,-0.000694085,0.00894201,-0.035888,0.002407531,-0.029540943,-0.038088543,-0.03572405,-0.02547028,0.033090087,-0.029658924,-0.082637453,-0.02743052,0.082050557,-0.035228004,0.00409365,-0.035888,0.09893845,-0.035888,0.009882269,-0.056987661,0.062869541,-0.000287404,-0.050067422,-0.009975426,0.006497888,-0.023707008,-0.008738025,-0.022350906,0.009443474,0.026296897,0.030600349,-0.034206086,-2.07205E-05,-0.046445495,-0.054330085,-0.069558065,-0.042390505,-0.038005529,-0.039336749,-0.040082941,-0.048486685,0,-0.067940053,-0.003356092
colors_nan_value,0.086006671,-0.000807298,0.034502505,0.038078578,-0.058932926,-0.002438329,0.00730935,-0.033000961,-0.000670828,-0.028935637,-0.024882765,-0.032893059,-0.032228344,-0.030425907,-0.053428557,0.002232701,-0.005978822,-0.035506574,-0.004640054,-0.00486724,-0.066652834,-0.028999074,-0.04006637,-0.039329533,-0.028435655,-0.000625702,0.00730935,-0.002589451,-0.028935637,-0.03009048,-0.032893059,-0.032228344,-0.030425907,-0.04006637,-0.034607061,-0.005978822,-0.035506574,-0.004640054,-0.00500079,-0.065584247,-0.04006637,0.003259423,-0.028999074,0.007982742,-0.034786988,-0.028435655,-0.005049086,-0.033000961,0.067469478,-0.030624007,-0.036840408,-0.039329533,-0.034607061,-0.04006637,-0.032893059,-0.04006637,-0.065004905,0.026299887,-0.084435509,-0.045568976,0.09760604,-0.008209075,-0.057506908,-0.074370893,0.036509666,-0.024953009,-0.0730853,-0.060046043,-0.026875707,0.020230289,0.050594032,-0.050852908,-0.060656688,-0.077656357,-0.047326944,-0.042553027,-0.043906527,-0.044749595,-0.054030743,-0.067940053,0,-0.003746825
prices.currency_AUD,-0.009379049,-0.005873446,-0.007067949,-0.008000751,-0.003077064,-0.000604408,-0.000547076,-0.000635636,-0.000858478,-0.000429337,-0.000547076,-0.000624827,-0.000590987,-0.000780464,-0.002639207,-0.002077636,-0.000558494,-0.002383996,-0.003056089,-0.002525324,-0.003292458,-0.000942766,-0.000979063,-0.000942766,-0.000404639,-0.00040704,-0.000547076,-0.000750376,-0.000429337,-0.00053578,-0.000624827,-0.000590987,-0.000780464,-0.000979063,-0.000709489,-0.000558494,-0.002383996,-0.003056089,-0.002532571,-0.003239673,-0.000979063,-0.000489368,-0.000942766,-0.002360005,-0.000970021,-0.000404639,-0.000829585,-0.000635636,0.00406024,-0.000502743,-0.00080986,-0.000942766,-0.000709489,-0.000979063,-0.000624827,-0.000979063,-0.003205995,0.006238851,-0.006767606,-0.002250976,0.007870064,-0.0022005,-0.004420098,-0.004702736,-3.33678E-05,-0.000232602,-0.004000033,-0.002970046,-0.002782622,-0.00088696,3.0065E-05,-0.002560384,-0.002996266,-0.003836,-0.002337805,-0.002002001,-0.00206935,-0.0022005,-0.002673952,-0.003356092,-0.003746825,0
,,,,,,,,,,,,,,,,,,,,,,,,,,,,,,,,,,,,,,,,,,,,,,,,,,,,,,,,,,,,,,,,,,,,,,,,,,,,,,,,,,
,,,,,,,,,,,,,,,,,,,,,,,,,,,,,,,,,,,,,,,,,,,,,,,,,,,,,,,,,,,,,,,,,,,,,,,,,,,,,,,,,,
,,,,,,,,,,,,,,,,,,,,,,,,,,,,,,,,,,,,,,,,,,,,,,,,,,,,,,,,,,,,,,,,,,,,,,,,,,,,,,,,,,
,,-0.859908731,,,,,,,,,,,,,,,,,,,,,,,,,,,,,,,,,,,,,,,,,,,,,,,,,,,,,,,,,,,,,,,,,,,,,,,,,,,,,,,,
0.99703829,,,,,,,,,,,,,,,,,,,,,,,,,,,,,,,,,,,,,,,,,,,,,,,,,,,,,,,,,,,,,,,,,,,,,,,,,,,,,,,,,,
